Time,Open,High,Low,Close,Volume
2012.12.10,1.04865,1.05049,1.04643,1.04868,59083
2012.12.11,1.0487,1.05315,1.04602,1.05266,61555
2012.12.12,1.05265,1.05848,1.05219,1.05531,68021
2012.12.13,1.05522,1.05628,1.05072,1.05264,66515
2012.12.14,1.05261,1.0577,1.0509,1.05651,68063
2012.12.17,1.05507,1.05721,1.05253,1.05499,61088
2012.12.18,1.05499,1.0556,1.0515,1.05328,61867
2012.12.19,1.0533,1.0533,1.04756,1.04795,70729
2012.12.20,1.04794,1.0499,1.04608,1.04813,70860
2012.12.21,1.04812,1.04852,1.03933,1.03965,73651
2012.12.24,1.03971,1.04155,1.03653,1.03685,45762
2012.12.26,1.03643,1.03854,1.0344,1.03761,40648
2012.12.27,1.03758,1.03881,1.03453,1.03756,67234
2012.12.28,1.03755,1.03956,1.03601,1.03706,64587
2012.12.31,1.03676,1.04069,1.03637,1.0391,52235
2013.01.02,1.04778,1.05229,1.04701,1.05036,66562
2013.01.03,1.05032,1.05268,1.04599,1.04651,75520
2013.01.04,1.04648,1.04861,1.0394,1.04783,80735
2013.01.07,1.04764,1.05115,1.04666,1.05019,75663
2013.01.08,1.05027,1.05152,1.04687,1.05022,75755
2013.01.09,1.05021,1.05347,1.04856,1.05126,78605
2013.01.10,1.05128,1.05971,1.04927,1.05961,81428
2013.01.11,1.05959,1.0597,1.05291,1.05331,80389
2013.01.14,1.05495,1.05771,1.05207,1.05641,75228
2013.01.15,1.05641,1.05691,1.05252,1.05636,81022
2013.01.16,1.05636,1.05788,1.05311,1.05708,82580
2013.01.17,1.0571,1.05745,1.04935,1.0544,88063
2013.01.18,1.05445,1.05556,1.04847,1.05087,83855
2013.01.21,1.05056,1.05251,1.04915,1.05153,59218
2013.01.22,1.05142,1.0578,1.05033,1.05645,82259
2013.01.23,1.05644,1.05732,1.05261,1.05533,76221
2013.01.24,1.05522,1.05532,1.0443,1.04501,84825
2013.01.25,1.04499,1.04677,1.04017,1.04225,84011
2013.01.28,1.04145,1.04289,1.03839,1.04161,76228
2013.01.29,1.04157,1.04744,1.04045,1.04735,79273
2013.01.30,1.0474,1.04751,1.03983,1.04161,79148
2013.01.31,1.04153,1.04503,1.0379,1.04249,79971
2013.02.01,1.0425,1.04444,1.03603,1.04053,83976
2013.02.04,1.04243,1.04413,1.04078,1.04365,74343
2013.02.05,1.04365,1.0456,1.03698,1.03881,81929
2013.02.06,1.0388,1.0399,1.02954,1.03181,82219
2013.02.07,1.0318,1.03378,1.02727,1.0281,84398
2013.02.08,1.02806,1.03473,1.02542,1.03166,79009
2013.02.11,1.0311,1.03235,1.02504,1.02536,68280
2013.02.12,1.02535,1.03211,1.02258,1.03029,78788
2013.02.13,1.03029,1.037,1.0302,1.03684,77632
2013.02.14,1.03695,1.03698,1.03258,1.03576,80560
2013.02.15,1.03576,1.03734,1.02865,1.03033,78037
2013.02.18,1.02891,1.03147,1.02742,1.03044,60475
2013.02.19,1.03046,1.03664,1.03002,1.03551,70600
2013.02.20,1.03548,1.0367,1.02364,1.02551,78408
2013.02.21,1.02544,1.02641,1.02201,1.02447,82133
2013.02.22,1.02444,1.03401,1.02331,1.03177,79826
2013.02.25,1.03025,1.0328,1.025,1.02559,94165
2013.02.26,1.02557,1.0291,1.01998,1.02275,100118
2013.02.27,1.02272,1.02442,1.01817,1.02316,92177
2013.02.28,1.02315,1.02894,1.0197,1.02132,85092
2013.03.01,1.02131,1.02413,1.01816,1.02021,82204
2013.03.04,1.01992,1.02042,1.01148,1.0195,76909
2013.03.05,1.01952,1.02624,1.01864,1.02567,74708
2013.03.06,1.02562,1.02989,1.02311,1.02323,76798
2013.03.07,1.02317,1.02895,1.02182,1.02657,79865
2013.03.08,1.02658,1.02822,1.02109,1.02331,78282
2013.03.11,1.02131,1.02826,1.02029,1.02734,68082
2013.03.12,1.02735,1.0335,1.02661,1.03201,82074
2013.03.13,1.03205,1.03335,1.0282,1.02968,80617
2013.03.14,1.02968,1.04008,1.0287,1.03846,87890
2013.03.15,1.03842,1.04129,1.03608,1.04104,75134
2013.03.18,1.03594,1.04093,1.03439,1.03999,64735
2013.03.19,1.03999,1.04042,1.03497,1.03649,85527
2013.03.20,1.03647,1.04047,1.03545,1.03783,60483
2013.03.21,1.03784,1.04563,1.03631,1.04348,63048
2013.03.22,1.04346,1.04595,1.042,1.04429,69200
2013.03.25,1.0445,1.04792,1.04314,1.04534,79139
2013.03.26,1.04536,1.04967,1.04462,1.04803,70693
2013.03.27,1.04805,1.04809,1.04176,1.04425,59234
2013.03.28,1.04424,1.04561,1.03962,1.04076,52849
2013.03.29,1.04077,1.04269,1.03975,1.04117,30097
2013.04.01,1.04175,1.04311,1.0385,1.04219,30636
2013.04.02,1.04218,1.04781,1.04169,1.04482,49813
2013.04.03,1.04483,1.04967,1.04451,1.04599,48028
2013.04.04,1.04598,1.04887,1.03856,1.04341,61047
2013.04.05,1.0434,1.04372,1.03546,1.03779,59456
2013.04.08,1.0367,1.04232,1.03474,1.0411,52897
2013.04.09,1.04111,1.05081,1.04045,1.04876,55808
2013.04.10,1.04875,1.05517,1.04736,1.05416,51960
2013.04.11,1.05414,1.05817,1.04992,1.05439,56040
2013.04.12,1.05438,1.05596,1.04795,1.05035,57002
2013.04.15,1.05025,1.05227,1.02899,1.03119,79150
2013.04.16,1.03118,1.03968,1.02939,1.03894,76826
2013.04.17,1.0389,1.0393,1.02763,1.02955,72728
2013.04.18,1.02953,1.03371,1.0268,1.02999,70888
2013.04.19,1.02997,1.03579,1.02743,1.02749,64577
2013.04.22,1.02771,1.03065,1.02355,1.02733,62150
2013.04.23,1.02734,1.02753,1.022,1.02575,66529
2013.04.24,1.02572,1.02953,1.02303,1.02779,61938
2013.04.25,1.02781,1.03388,1.02707,1.029,55563
2013.04.26,1.02892,1.03351,1.02625,1.027,61434
2013.04.29,1.02795,1.03572,1.02713,1.03495,48407
2013.04.30,1.03495,1.03843,1.03287,1.0369,54469
2013.05.01,1.03689,1.03808,1.02642,1.02774,50943
2013.05.02,1.02773,1.02831,1.02215,1.0247,58381
2013.05.03,1.02467,1.0322,1.02421,1.03128,51531
2013.05.06,1.03037,1.03109,1.02218,1.02521,41751
2013.05.07,1.02521,1.02534,1.01546,1.01831,60036
2013.05.08,1.01833,1.02078,1.01541,1.01689,55727
2013.05.09,1.0169,1.02529,1.00459,1.00907,62025
2013.05.10,1.00911,1.00944,0.99607,1.00214,73746
2013.05.13,0.99997,1.0014,0.99399,0.99506,65019
2013.05.14,0.99505,1.00031,0.98759,0.9888,72970
2013.05.15,0.9888,0.99188,0.98523,0.98969,73028
2013.05.16,0.98971,0.9912,0.97969,0.98075,75892
2013.05.17,0.98075,0.98292,0.97109,0.97268,72791
2013.05.20,0.97545,0.9826,0.97362,0.98071,68030
2013.05.21,0.9807,0.98419,0.9751,0.98019,77527
2013.05.22,0.98015,0.98266,0.96618,0.96979,84287
2013.05.23,0.96983,0.97772,0.95935,0.97471,93463
2013.05.24,0.97473,0.97498,0.96341,0.96451,79526
2013.05.27,0.9641,0.96653,0.96142,0.9631,48497
2013.05.28,0.96317,0.96954,0.95953,0.96137,75474
2013.05.29,0.96137,0.96699,0.95277,0.96325,79981
2013.05.30,0.96322,0.96967,0.95828,0.96619,81200
2013.05.31,0.96607,0.96838,0.95496,0.95671,80650
2013.06.03,0.96161,0.97913,0.959,0.97685,75529
2013.06.04,0.97691,0.97702,0.96101,0.96485,78744
2013.06.05,0.96486,0.96566,0.9511,0.95405,77216
2013.06.06,0.95405,0.96716,0.94342,0.95952,84947
2013.06.07,0.95959,0.95961,0.94275,0.94946,85274
2013.06.10,0.94025,0.94802,0.93926,0.94624,72520
2013.06.11,0.94625,0.94703,0.93257,0.94255,88543
2013.06.12,0.94254,0.95632,0.94151,0.94811,80042
2013.06.13,0.9481,0.96565,0.9428,0.96382,84803
2013.06.14,0.96381,0.96639,0.95669,0.95681,80598
2013.06.17,0.95614,0.96407,0.95083,0.95463,66912
2013.06.18,0.95462,0.95727,0.94399,0.94842,70186
2013.06.19,0.94842,0.95547,0.92831,0.9293,72738
2013.06.20,0.9293,0.93114,0.91631,0.91951,94413
2013.06.21,0.91948,0.92585,0.91821,0.92126,84687
2013.06.24,0.92068,0.92975,0.91477,0.9248,87364
2013.06.25,0.92482,0.92965,0.91965,0.92579,81282
2013.06.26,0.9258,0.93436,0.92347,0.92765,78936
2013.06.27,0.92763,0.93376,0.9262,0.92741,72242
2013.06.28,0.92742,0.92855,0.91128,0.9134,78093
2013.07.01,0.91119,0.92525,0.91119,0.92375,66121
2013.07.02,0.92377,0.92487,0.91306,0.91451,77020
2013.07.03,0.91451,0.9188,0.90366,0.90875,81565
2013.07.04,0.90874,0.91803,0.9072,0.91426,70602
2013.07.05,0.91428,0.91789,0.9048,0.90577,69319
2013.07.08,0.90496,0.91438,0.90411,0.9132,57112
2013.07.09,0.91321,0.92,0.9083,0.91748,72174
2013.07.10,0.91749,0.92337,0.90921,0.91709,78509
2013.07.11,0.91708,0.93049,0.9119,0.91865,91167
2013.07.12,0.91868,0.91894,0.89976,0.90462,65722
2013.07.15,0.90715,0.91209,0.90355,0.90966,67616
2013.07.16,0.90962,0.92595,0.90851,0.92514,72472
2013.07.17,0.92514,0.92916,0.9191,0.92355,72620
2013.07.18,0.92355,0.92483,0.91377,0.91684,70236
2013.07.19,0.91682,0.92344,0.91541,0.91701,66896
2013.07.22,0.91761,0.92695,0.9173,0.92476,63548
2013.07.23,0.92475,0.92974,0.92223,0.92949,73406
2013.07.24,0.92947,0.93163,0.91312,0.91617,81400
2013.07.25,0.91614,0.92797,0.91277,0.92454,79106
2013.07.26,0.92453,0.92948,0.92274,0.92595,70998
2013.07.29,0.92507,0.92857,0.91878,0.92045,69162
2013.07.30,0.92044,0.92096,0.90439,0.90611,71123
2013.07.31,0.9061,0.9075,0.89353,0.8982,79961
2013.08.01,0.89816,0.89915,0.89072,0.8924,73848
2013.08.02,0.89239,0.8969,0.88707,0.89012,72500
2013.08.05,0.89179,0.89331,0.8847,0.89277,63658
2013.08.06,0.89281,0.90049,0.89056,0.89844,70350
2013.08.07,0.8984,0.90234,0.89192,0.89986,69681
2013.08.08,0.89986,0.91333,0.89722,0.91025,73727
2013.08.09,0.91024,0.92131,0.90857,0.91955,65920
2013.08.12,0.91878,0.92196,0.91344,0.91468,62669
2013.08.13,0.9147,0.91484,0.90731,0.91118,68739
2013.08.14,0.91117,0.9159,0.90802,0.91216,65206
2013.08.15,0.91209,0.91892,0.90582,0.91404,76295
2013.08.16,0.91403,0.92143,0.91235,0.91816,69472
2013.08.19,0.91854,0.92317,0.91026,0.91083,68021
2013.08.20,0.91083,0.91315,0.90268,0.90698,72387
2013.08.21,0.90696,0.90721,0.89644,0.89695,77158
2013.08.22,0.89692,0.90425,0.8931,0.90056,75081
2013.08.23,0.90056,0.90495,0.89703,0.90209,67942
2013.08.26,0.90333,0.90694,0.90029,0.90279,54217
2013.08.27,0.90277,0.90364,0.89331,0.89823,68985
2013.08.28,0.89822,0.89863,0.88924,0.89389,73784
2013.08.29,0.8939,0.89773,0.89158,0.89286,64348
2013.08.30,0.89286,0.8957,0.88918,0.88973,64724
2013.09.02,0.89428,0.9013,0.89233,0.89747,57548
2013.09.03,0.89753,0.9071,0.89716,0.90611,73078
2013.09.04,0.9061,0.9187,0.90368,0.91717,69066
2013.09.05,0.91716,0.91866,0.91147,0.9121,69630
2013.09.06,0.91208,0.92157,0.9115,0.91792,62664
2013.09.09,0.92022,0.92413,0.91661,0.92264,57264
2013.09.10,0.92265,0.93177,0.92161,0.93107,66173
2013.09.11,0.93106,0.93369,0.92762,0.9327,62997
2013.09.12,0.93271,0.9353,0.92281,0.92702,67180
2013.09.13,0.92699,0.92721,0.92233,0.92419,60127
2013.09.16,0.9329,0.93889,0.93042,0.9317,63152
2013.09.17,0.93168,0.93659,0.92841,0.93538,58473
2013.09.18,0.93532,0.95264,0.93349,0.95184,63724
2013.09.19,0.95188,0.95238,0.94268,0.94374,71598
2013.09.20,0.94372,0.94578,0.93774,0.9392,58188
2013.09.23,0.93671,0.94565,0.93654,0.9429,55062
2013.09.24,0.94292,0.94304,0.93633,0.93895,55193
2013.09.25,0.93894,0.93922,0.93378,0.93661,56684
2013.09.26,0.93658,0.94008,0.93396,0.93634,53033
2013.09.27,0.93636,0.93738,0.92973,0.93126,55372
2013.09.30,0.93087,0.93535,0.92803,0.93154,58866
2013.10.01,0.93154,0.94347,0.9288,0.93963,65353
2013.10.02,0.93964,0.94104,0.93331,0.9384,59326
2013.10.03,0.93838,0.94138,0.93659,0.9392,59635
2013.10.04,0.93919,0.94578,0.93878,0.9434,53134
2013.10.07,0.94342,0.94481,0.93876,0.94271,49355
2013.10.08,0.9427,0.94835,0.94109,0.94225,57823
2013.10.09,0.94224,0.94638,0.94122,0.94432,61990
2013.10.10,0.94432,0.94708,0.9389,0.94499,61538
2013.10.11,0.94502,0.9484,0.94344,0.94657,57297
2013.10.14,0.94268,0.95059,0.94259,0.94869,49169
2013.10.15,0.94868,0.95468,0.94773,0.95248,61409
2013.10.16,0.95247,0.95557,0.94978,0.95496,62049
2013.10.17,0.95497,0.96462,0.95263,0.96343,66269
2013.10.18,0.96344,0.96771,0.96036,0.96751,57534
2013.10.21,0.96704,0.96785,0.96415,0.96516,50638
2013.10.22,0.96515,0.973,0.96427,0.97068,52225
2013.10.23,0.97062,0.97558,0.96066,0.96248,67267
2013.10.24,0.96248,0.96702,0.95714,0.96216,63520
2013.10.25,0.96215,0.96236,0.95713,0.95811,58321
2013.10.28,0.95866,0.96219,0.95551,0.95706,51720
2013.10.29,0.95706,0.95739,0.9472,0.94785,67170
2013.10.30,0.94784,0.95151,0.94409,0.94802,63544
2013.10.31,0.94803,0.95249,0.94503,0.94594,69682
2013.11.01,0.94595,0.94888,0.9421,0.94369,62817
2013.11.04,0.94547,0.95135,0.94441,0.95095,56938
2013.11.05,0.95093,0.95366,0.94625,0.95062,64283
2013.11.06,0.95063,0.95419,0.94852,0.95255,60255
2013.11.07,0.95254,0.95272,0.94381,0.94535,71194
2013.11.08,0.94539,0.94795,0.93521,0.93842,69991
2013.11.11,0.9385,0.9389,0.93437,0.9358,53638
2013.11.12,0.93579,0.93671,0.92694,0.93008,65446
2013.11.13,0.93003,0.93698,0.9278,0.93579,63654
2013.11.14,0.93577,0.93849,0.92806,0.93144,69163
2013.11.15,0.93136,0.93733,0.93045,0.93664,56876
2013.11.18,0.93744,0.94181,0.93576,0.93763,61821
2013.11.19,0.93762,0.94463,0.93521,0.94318,64537
2013.11.20,0.94322,0.94464,0.93152,0.93336,71649
2013.11.21,0.93333,0.93339,0.9198,0.9233,72219
2013.11.22,0.92329,0.92481,0.91427,0.91684,65938
2013.11.25,0.91622,0.91872,0.91195,0.91591,61278
2013.11.26,0.91594,0.92038,0.90877,0.91256,66526
2013.11.27,0.91255,0.91367,0.90642,0.90778,63486
2013.11.28,0.90779,0.91487,0.90748,0.90983,55329
2013.11.29,0.90985,0.91398,0.90546,0.91077,64492
2013.12.02,0.91284,0.91676,0.90889,0.9104,65096
2013.12.03,0.91041,0.91448,0.90562,0.91348,66575
2013.12.04,0.91349,0.91394,0.89977,0.90278,74729
2013.12.05,0.90278,0.90762,0.90028,0.90612,70080
2013.12.06,0.90612,0.91169,0.89897,0.90997,67385
2013.12.09,0.91212,0.91282,0.90696,0.911,63115
2013.12.10,0.91102,0.91664,0.90744,0.91493,65938
2013.12.11,0.91494,0.91513,0.90459,0.90473,66258
2013.12.12,0.90474,0.90793,0.89159,0.89357,76010
2013.12.13,0.89356,0.89682,0.89089,0.89618,61916
2013.12.16,0.89587,0.89694,0.89203,0.89468,60695
2013.12.17,0.89469,0.89571,0.88817,0.88973,61464
2013.12.18,0.88974,0.8943,0.882,0.88595,68315
2013.12.19,0.88596,0.88745,0.88219,0.88654,67353
2013.12.20,0.88653,0.89327,0.88541,0.89178,62278
2013.12.23,0.89201,0.89575,0.89157,0.89328,49884
2013.12.24,0.89329,0.89401,0.89052,0.89197,35625
2013.12.26,0.88822,0.89022,0.88756,0.88943,22616
2013.12.27,0.88942,0.89281,0.8861,0.88672,58303
2013.12.30,0.8861,0.8929,0.88323,0.89025,59027
2013.12.31,0.89024,0.89516,0.88977,0.8927,42548
2014.01.02,0.89149,0.89425,0.88424,0.89095,55036
2014.01.03,0.89096,0.90038,0.88841,0.89437,71054
2014.01.06,0.89582,0.89813,0.89346,0.89662,67295
2014.01.07,0.89662,0.89696,0.88931,0.89258,67037
2014.01.08,0.89259,0.89513,0.88958,0.89002,66520
2014.01.09,0.89001,0.89117,0.8864,0.88981,63145
2014.01.10,0.8898,0.90036,0.88747,0.89935,65443
2014.01.13,0.89972,0.90854,0.89842,0.90525,69852
2014.01.14,0.90525,0.90569,0.89548,0.89648,64869
2014.01.15,0.89646,0.89693,0.88872,0.89144,65671
2014.01.16,0.89144,0.89152,0.8776,0.88195,67914
2014.01.17,0.88196,0.8827,0.87628,0.8778,58677
2014.01.20,0.87703,0.88202,0.87555,0.88099,46478
2014.01.21,0.88098,0.88362,0.87748,0.88045,59509
2014.01.22,0.88043,0.88871,0.87864,0.88508,58875
2014.01.23,0.88509,0.88515,0.87312,0.87672,72375
2014.01.24,0.87671,0.87739,0.86596,0.86793,74964
2014.01.27,0.86912,0.87583,0.86763,0.87377,66801
2014.01.28,0.87376,0.88201,0.87253,0.87776,62913
2014.01.29,0.87775,0.88245,0.87238,0.87375,71947
2014.01.30,0.87376,0.87998,0.87094,0.87933,65781
2014.01.31,0.87931,0.8822,0.86939,0.87548,68767
2014.02.03,0.87624,0.88326,0.87381,0.87509,64965
2014.02.04,0.87508,0.89411,0.87294,0.89238,71843
2014.02.05,0.89238,0.89377,0.88724,0.89086,64428
2014.02.06,0.89083,0.89794,0.8908,0.89578,48962
2014.02.07,0.89581,0.89978,0.89211,0.89571,57531
2014.02.10,0.89545,0.89576,0.89063,0.89474,45940
2014.02.11,0.89474,0.90469,0.89404,0.90365,58410
2014.02.12,0.90364,0.90666,0.90061,0.90255,54930
2014.02.13,0.90254,0.903,0.89266,0.89779,59004
2014.02.14,0.89777,0.90428,0.89655,0.90306,59984
2014.02.17,0.90625,0.9068,0.90226,0.90313,41794
2014.02.18,0.90314,0.90795,0.90012,0.9026,60095
2014.02.19,0.90261,0.90436,0.89894,0.89987,58108
2014.02.20,0.89985,0.90209,0.89358,0.9005,62394
2014.02.21,0.90049,0.90137,0.89514,0.89754,55887
2014.02.24,0.89802,0.90484,0.89369,0.90339,64092
2014.02.25,0.90339,0.90429,0.90034,0.9018,63260
2014.02.26,0.90179,0.9025,0.89433,0.89669,67242
2014.02.27,0.89669,0.89706,0.89033,0.89641,71641
2014.02.28,0.8964,0.89881,0.89146,0.89241,70160
2014.03.03,0.88937,0.89457,0.88895,0.89362,59993
2014.03.04,0.89361,0.89668,0.8909,0.89493,56682
2014.03.05,0.89492,0.89956,0.89357,0.89838,54869
2014.03.06,0.89839,0.91121,0.8972,0.90887,59125
2014.03.07,0.90886,0.91326,0.90605,0.90659,52493
2014.03.10,0.90514,0.90621,0.90118,0.90224,49345
2014.03.11,0.90219,0.90497,0.89606,0.8975,53021
2014.03.12,0.89749,0.89924,0.89238,0.89913,58006
2014.03.13,0.89908,0.91028,0.89882,0.90376,65177
2014.03.14,0.9037,0.90489,0.89962,0.90279,56902
2014.03.17,0.90205,0.90976,0.90088,0.90852,51485
2014.03.18,0.90854,0.91353,0.90635,0.91265,55687
2014.03.19,0.91266,0.91372,0.90194,0.90317,58748
2014.03.20,0.90319,0.90506,0.89946,0.90337,65132
2014.03.21,0.90338,0.90998,0.90318,0.90789,53093
2014.03.24,0.90976,0.91489,0.90479,0.91261,58518
2014.03.25,0.9126,0.91736,0.9119,0.9158,59248
2014.03.26,0.91582,0.92444,0.91532,0.92196,64817
2014.03.27,0.92197,0.92709,0.92132,0.92589,63630
2014.03.28,0.92591,0.9294,0.92368,0.92463,55902
2014.03.31,0.92381,0.92773,0.92177,0.92631,57896
2014.04.01,0.9263,0.93025,0.92295,0.92456,55818
2014.04.02,0.92457,0.92628,0.92214,0.9247,53427
2014.04.03,0.92469,0.92524,0.92052,0.92308,57456
2014.04.04,0.9231,0.93058,0.92228,0.92901,56048
2014.04.07,0.92824,0.92942,0.92531,0.92691,51445
2014.04.08,0.92692,0.93651,0.92609,0.93595,61674
2014.04.09,0.93594,0.93978,0.93341,0.93894,57845
2014.04.10,0.93892,0.94606,0.93695,0.94118,61235
2014.04.11,0.94119,0.94259,0.93623,0.93924,58627
2014.04.14,0.93884,0.94242,0.93754,0.94225,54180
2014.04.15,0.94226,0.94231,0.93358,0.93601,58527
2014.04.16,0.93601,0.93874,0.93314,0.93697,59361
2014.04.17,0.93696,0.93892,0.93206,0.93284,50988
2014.04.18,0.9328,0.93405,0.93226,0.93297,23085
2014.04.21,0.93321,0.93459,0.93142,0.93263,36899
2014.04.22,0.93264,0.93773,0.9321,0.93654,54338
2014.04.23,0.93655,0.93756,0.92672,0.929,50213
2014.04.24,0.92897,0.93004,0.92517,0.92628,50833
2014.04.25,0.92629,0.92977,0.92529,0.92692,45627
2014.04.28,0.92735,0.93159,0.92432,0.92565,51566
2014.04.29,0.92564,0.92813,0.92266,0.92669,50935
2014.04.30,0.9267,0.92995,0.92517,0.92867,56603
2014.05.01,0.92866,0.9312,0.92601,0.92728,48102
2014.05.02,0.92726,0.9279,0.9202,0.92753,54451
2014.05.05,0.92837,0.92882,0.92514,0.9273,45589
2014.05.06,0.92729,0.93669,0.92704,0.935,55171
2014.05.07,0.93487,0.93534,0.9318,0.9326,54737
2014.05.08,0.93261,0.93937,0.93183,0.93735,57178
2014.05.09,0.93734,0.93776,0.9346,0.93601,50188
2014.05.12,0.93599,0.93851,0.93474,0.93605,42749
2014.05.13,0.93606,0.93819,0.93324,0.93578,48793
2014.05.14,0.93576,0.94085,0.93541,0.93774,51016
2014.05.15,0.93773,0.93924,0.93265,0.93549,52147
2014.05.16,0.9355,0.93707,0.93344,0.93588,46687
2014.05.19,0.93725,0.93727,0.93247,0.93283,46073
2014.05.20,0.93283,0.93343,0.92406,0.92415,54998
2014.05.21,0.92414,0.92513,0.92083,0.92499,36528
2014.05.22,0.925,0.92728,0.92134,0.92243,25760
2014.05.23,0.92246,0.92484,0.92131,0.92295,22902
2014.05.26,0.9234,0.92487,0.92298,0.92354,15901
2014.05.27,0.92353,0.92767,0.92327,0.92576,25485
2014.05.28,0.92577,0.92702,0.92135,0.92346,26135
2014.05.29,0.92347,0.93121,0.92103,0.93059,30028
2014.05.30,0.93059,0.93285,0.92882,0.93079,27293
2014.06.02,0.93075,0.93129,0.92342,0.92443,25796
2014.06.03,0.92443,0.92864,0.9229,0.92644,28913
2014.06.04,0.92643,0.9297,0.92515,0.92754,27667
2014.06.05,0.92753,0.93454,0.92569,0.93388,34893
2014.06.06,0.93384,0.93578,0.93185,0.93322,33183
2014.06.09,0.93345,0.9363,0.93336,0.93537,27498
2014.06.10,0.93527,0.93835,0.93399,0.93719,35697
2014.06.11,0.93712,0.94055,0.93635,0.93806,33760
2014.06.12,0.93818,0.94369,0.93495,0.94261,39854
2014.06.13,0.94254,0.94259,0.93747,0.93997,34826
2014.06.16,0.93938,0.94162,0.93734,0.93997,29357
2014.06.17,0.93996,0.94022,0.93294,0.93341,33153
2014.06.18,0.9334,0.94104,0.93208,0.94071,34496
2014.06.19,0.9407,0.9431,0.93898,0.93978,34219
2014.06.20,0.93971,0.94136,0.93773,0.93867,31111
2014.06.23,0.93729,0.94445,0.93729,0.94211,29117
2014.06.24,0.94207,0.94299,0.93652,0.93668,30752
2014.06.25,0.93666,0.94069,0.93531,0.94058,31372
2014.06.26,0.9406,0.9418,0.93949,0.94131,27903
2014.06.27,0.94131,0.94406,0.94045,0.9425,26910
2014.06.30,0.94182,0.94385,0.93871,0.94316,29080
2014.07.01,0.94312,0.95041,0.94124,0.94963,32543
2014.07.02,0.94962,0.94974,0.94281,0.94415,31467
2014.07.03,0.94416,0.94422,0.93283,0.93451,35510
2014.07.04,0.9345,0.93679,0.93421,0.93642,25016
2014.07.07,0.93611,0.93754,0.93404,0.93714,23986
2014.07.08,0.93708,0.94138,0.93644,0.9398,27584
2014.07.09,0.93975,0.94232,0.93812,0.94129,28799
2014.07.10,0.94126,0.9455,0.93605,0.93932,31498
2014.07.11,0.93935,0.94076,0.9375,0.93918,28084
2014.07.14,0.93774,0.94023,0.9377,0.93921,24063
2014.07.15,0.93919,0.94002,0.93483,0.93692,33724
2014.07.16,0.93686,0.93734,0.93287,0.93672,30726
2014.07.17,0.93672,0.93906,0.93452,0.93501,33621
2014.07.18,0.93501,0.94091,0.93348,0.93865,31307
2014.07.21,0.93913,0.93992,0.93702,0.93719,26126
2014.07.22,0.9372,0.94215,0.93597,0.9392,30733
2014.07.23,0.93919,0.94603,0.93796,0.94554,29065
2014.07.24,0.94502,0.947,0.94103,0.94174,31260
2014.07.25,0.94175,0.94232,0.93916,0.93939,28349
2014.07.28,0.93941,0.94127,0.93837,0.94045,26805
2014.07.29,0.94045,0.9415,0.93735,0.93821,31705
2014.07.30,0.93823,0.93869,0.93022,0.93293,39672
2014.07.31,0.93293,0.9331,0.92785,0.92939,36008
2014.08.01,0.92936,0.93349,0.92746,0.93105,39649
2014.08.04,0.93097,0.93349,0.9305,0.93332,28234
2014.08.05,0.93329,0.93417,0.92927,0.93037,33478
2014.08.06,0.93036,0.93727,0.92906,0.93526,32913
2014.08.07,0.93523,0.93566,0.92583,0.927,36039
2014.08.08,0.92695,0.92862,0.92384,0.92751,34773
2014.08.11,0.92742,0.92849,0.92579,0.9261,23870
2014.08.12,0.92615,0.92756,0.92467,0.92676,27863
2014.08.13,0.92674,0.93187,0.92623,0.93027,30879
2014.08.14,0.93026,0.93265,0.92867,0.93171,26964
2014.08.15,0.93173,0.93335,0.92973,0.93172,28568
2014.08.18,0.9313,0.93333,0.93079,0.93228,22746
2014.08.19,0.9323,0.9343,0.9301,0.93014,28599
2014.08.20,0.93011,0.93172,0.92741,0.92861,34743
2014.08.21,0.92855,0.93101,0.9237,0.93021,31678
2014.08.22,0.93012,0.93284,0.92922,0.93139,32689
2014.08.25,0.93081,0.93227,0.92886,0.92967,28150
2014.08.26,0.92963,0.93298,0.92708,0.93052,32451
2014.08.27,0.9305,0.93506,0.93003,0.93361,33860
2014.08.28,0.93353,0.93732,0.93314,0.93543,34290
2014.08.29,0.93543,0.9362,0.93308,0.93381,29825
2014.09.01,0.93237,0.93512,0.93228,0.93307,25591
2014.09.02,0.93308,0.93357,0.92677,0.92725,34127
2014.09.03,0.92723,0.93505,0.9262,0.9345,36551
2014.09.04,0.93447,0.93916,0.93293,0.93469,34909
2014.09.05,0.93469,0.94009,0.93316,0.93768,36701
2014.09.08,0.93606,0.93731,0.92767,0.92806,38734
2014.09.09,0.92804,0.92873,0.91873,0.92015,51963
2014.09.10,0.92018,0.92164,0.91121,0.91519,51400
2014.09.11,0.91523,0.92166,0.90877,0.90976,53290
2014.09.12,0.90978,0.91077,0.90298,0.90366,45930
2014.09.15,0.90086,0.90484,0.89829,0.90265,31033
2014.09.16,0.90264,0.91117,0.89886,0.9093,36796
2014.09.17,0.90921,0.90946,0.89494,0.89579,36847
2014.09.18,0.89571,0.89963,0.89266,0.89896,42417
2014.09.19,0.89891,0.89998,0.89202,0.89236,53776
2014.09.22,0.89303,0.89485,0.88521,0.88714,45719
2014.09.23,0.88713,0.89263,0.88309,0.88386,50688
2014.09.24,0.88385,0.88965,0.88377,0.88837,45677
2014.09.25,0.88836,0.88847,0.87727,0.87864,55651
2014.09.26,0.87863,0.88121,0.87472,0.87609,47019
2014.09.29,0.87504,0.87596,0.86832,0.87169,52660
2014.09.30,0.87167,0.87663,0.86927,0.8745,54721
2014.10.01,0.87448,0.87485,0.86625,0.87365,59530
2014.10.02,0.87365,0.88255,0.8724,0.88016,66027
2014.10.03,0.8802,0.88053,0.86421,0.86729,51253
2014.10.06,0.86755,0.87829,0.86515,0.87617,47917
2014.10.07,0.87615,0.88332,0.87253,0.88161,61868
2014.10.08,0.88162,0.88498,0.87332,0.88394,70651
2014.10.09,0.88381,0.88978,0.87636,0.87811,73860
2014.10.10,0.87812,0.87846,0.86793,0.86829,61654
2014.10.13,0.86899,0.87862,0.86508,0.877,58912
2014.10.14,0.87696,0.8811,0.86927,0.8712,59185
2014.10.15,0.87113,0.88586,0.86743,0.88274,78515
2014.10.16,0.88282,0.88287,0.86846,0.87553,81993
2014.10.17,0.87551,0.88114,0.87325,0.87429,59341
2014.10.20,0.87559,0.88005,0.87465,0.87819,45373
2014.10.21,0.87818,0.88319,0.87572,0.87779,55411
2014.10.22,0.87778,0.88143,0.8745,0.8777,52538
2014.10.23,0.87786,0.88052,0.8748,0.87605,66238
2014.10.24,0.87604,0.88231,0.87178,0.87879,45019
2014.10.27,0.88015,0.88232,0.87882,0.87998,40822
2014.10.28,0.87999,0.88809,0.87943,0.88499,44776
2014.10.29,0.885,0.89103,0.87749,0.87908,56046
2014.10.30,0.87912,0.88489,0.87546,0.88387,67025
2014.10.31,0.88384,0.88435,0.87637,0.87933,77020
2014.11.03,0.87515,0.87602,0.86756,0.86756,69543
2014.11.04,0.86757,0.87489,0.86459,0.87365,75020
2014.11.05,0.87366,0.87604,0.8564,0.859,81629
2014.11.06,0.85902,0.86262,0.85523,0.85558,89544
2014.11.07,0.85557,0.86566,0.85399,0.86331,95715
2014.11.10,0.86442,0.86822,0.86079,0.86202,69312
2014.11.11,0.86199,0.87179,0.85903,0.86846,79932
2014.11.12,0.86846,0.87439,0.86644,0.87152,84287
2014.11.13,0.87154,0.87635,0.86715,0.87194,75015
2014.11.14,0.87198,0.87713,0.8648,0.87482,78556
2014.11.17,0.87752,0.87938,0.86947,0.87057,76701
2014.11.18,0.8706,0.8746,0.86816,0.87171,68069
2014.11.19,0.87166,0.87198,0.86012,0.86162,81732
2014.11.20,0.86159,0.864,0.85655,0.86155,87587
2014.11.21,0.86146,0.87211,0.86049,0.86642,87624
2014.11.24,0.86761,0.86994,0.86015,0.86155,64321
2014.11.25,0.86157,0.86177,0.85125,0.85293,81757
2014.11.26,0.85293,0.85647,0.84793,0.85467,77840
2014.11.27,0.85467,0.86149,0.85286,0.85414,69545
2014.11.28,0.85414,0.85465,0.84843,0.84999,72513
2014.12.01,0.8468,0.85309,0.84174,0.84886,83888
2014.12.02,0.84885,0.85417,0.84323,0.84432,76126
2014.12.03,0.84432,0.84649,0.83875,0.84028,75763
2014.12.04,0.84028,0.84277,0.83552,0.83796,79723
2014.12.05,0.83797,0.83918,0.83116,0.83131,71415
2014.12.08,0.83047,0.83225,0.82594,0.82912,70078
2014.12.09,0.82911,0.83703,0.8223,0.82889,87268
2014.12.10,0.82889,0.83474,0.82634,0.83159,83331
2014.12.11,0.83159,0.83744,0.82138,0.82654,93216
2014.12.12,0.8267,0.82982,0.82262,0.82418,79817
2014.12.15,0.82325,0.82674,0.82004,0.8209,88252
2014.12.16,0.82091,0.82738,0.8199,0.82148,90214
2014.12.17,0.82124,0.82344,0.81063,0.81186,81417
2014.12.18,0.81183,0.82026,0.8116,0.81621,84317
2014.12.19,0.8162,0.81917,0.81213,0.81361,80291
2014.12.22,0.81421,0.81723,0.81253,0.81314,61194
2014.12.23,0.81316,0.81433,0.8087,0.81033,59906
2014.12.24,0.81034,0.81226,0.80949,0.81069,50741
2014.12.26,0.81252,0.81312,0.8108,0.8118,35827
2014.12.29,0.81213,0.8162,0.81095,0.81283,57336
2014.12.30,0.81281,0.82028,0.81209,0.81816,62713
2014.12.31,0.81816,0.82143,0.81581,0.81642,55879
2015.01.02,0.81412,0.8145,0.8077,0.80878,51157
2015.01.05,0.80692,0.81064,0.80343,0.8081,86751
2015.01.06,0.80809,0.81567,0.80801,0.80805,89274
2015.01.07,0.80804,0.80888,0.80321,0.80755,85039
2015.01.08,0.80761,0.81301,0.80696,0.81214,76154
2015.01.09,0.81215,0.82073,0.81049,0.81987,84855
2015.01.12,0.82091,0.82541,0.81303,0.81553,81059
2015.01.13,0.81554,0.81962,0.81268,0.81618,88348
2015.01.14,0.8162,0.81879,0.80675,0.81484,99040
2015.01.15,0.81488,0.82939,0.8132,0.82135,111840
2015.01.16,0.82137,0.82551,0.81673,0.82207,93575
2015.01.19,0.82193,0.82429,0.81949,0.82076,68104
2015.01.20,0.82076,0.82173,0.81589,0.81686,76232
2015.01.21,0.81688,0.8233,0.80772,0.80826,95471
2015.01.22,0.80814,0.81347,0.7995,0.80242,97799
2015.01.23,0.80241,0.80505,0.788,0.79086,101874
2015.01.26,0.78795,0.79327,0.78571,0.79225,83925
2015.01.27,0.79221,0.79738,0.79046,0.79341,88210
2015.01.28,0.79342,0.80241,0.7883,0.78858,90843
2015.01.29,0.78852,0.79057,0.77192,0.77582,82097
2015.01.30,0.77571,0.77965,0.77299,0.77573,75299
2015.02.02,0.77548,0.78292,0.77476,0.78008,69229
2015.02.03,0.78002,0.78492,0.76254,0.77895,98525
2015.02.04,0.77904,0.78479,0.77421,0.77488,85175
2015.02.05,0.77486,0.78236,0.77323,0.77957,65286
2015.02.06,0.77958,0.7875,0.77772,0.77901,58825
2015.02.09,0.77586,0.78334,0.7746,0.7799,50751
2015.02.10,0.77962,0.78399,0.77462,0.77671,54651
2015.02.11,0.77665,0.7793,0.76927,0.77126,52107
2015.02.12,0.77118,0.77777,0.76423,0.77317,67499
2015.02.13,0.77318,0.77916,0.77212,0.77497,54625
2015.02.16,0.77717,0.77935,0.775,0.77682,47661
2015.02.17,0.77688,0.7828,0.77403,0.7816,58793
2015.02.18,0.78147,0.78372,0.77727,0.78087,62081
2015.02.19,0.78083,0.78419,0.77568,0.779,69234
2015.02.20,0.77891,0.7848,0.7787,0.78382,69894
2015.02.23,0.78462,0.78471,0.77802,0.77998,64450
2015.02.24,0.78003,0.7836,0.7739,0.78286,66957
2015.02.25,0.78286,0.79007,0.78225,0.78851,67252
2015.02.26,0.78846,0.79122,0.77846,0.77977,71708
2015.02.27,0.77978,0.7834,0.77765,0.78062,68095
2015.03.02,0.7803,0.78062,0.77549,0.77636,57836
2015.03.03,0.77635,0.78439,0.77504,0.78146,67387
2015.03.04,0.78137,0.78594,0.77943,0.78152,66845
2015.03.05,0.78152,0.78394,0.77537,0.77807,70024
2015.03.06,0.77802,0.78447,0.77057,0.7713,67874
2015.03.09,0.77107,0.77394,0.76832,0.7704,59914
2015.03.10,0.77039,0.77056,0.76033,0.76227,89301
2015.03.11,0.76229,0.76434,0.75599,0.75888,89622
2015.03.12,0.7589,0.77302,0.75723,0.77004,88212
2015.03.13,0.77006,0.77091,0.76087,0.7634,71783
2015.03.16,0.7627,0.76788,0.76124,0.76407,57284
2015.03.17,0.76402,0.76644,0.76048,0.76207,69281
2015.03.18,0.76206,0.78462,0.75901,0.77406,78298
2015.03.19,0.77408,0.78071,0.76106,0.76472,94955
2015.03.20,0.76464,0.78016,0.7643,0.777,80745
2015.03.23,0.77973,0.78976,0.77623,0.7875,88084
2015.03.24,0.78754,0.79377,0.78344,0.78734,82429
2015.03.25,0.78733,0.79035,0.78284,0.78454,72771
2015.03.26,0.78458,0.78832,0.77994,0.78263,82284
2015.03.27,0.78263,0.78335,0.77441,0.77481,74322
2015.03.30,0.77327,0.77465,0.76326,0.76512,73604
2015.03.31,0.76515,0.76634,0.759,0.76047,70455
2015.04.01,0.76045,0.76624,0.75814,0.75975,70710
2015.04.02,0.75976,0.76102,0.75322,0.75888,68546
2015.04.03,0.75904,0.76925,0.75695,0.76276,36736
2015.04.06,0.76337,0.76663,0.75782,0.75881,35974
2015.04.07,0.75881,0.77104,0.75758,0.76309,71723
2015.04.08,0.76303,0.77271,0.76301,0.76826,71168
2015.04.09,0.76821,0.77378,0.76587,0.76903,66152
2015.04.10,0.76903,0.77205,0.76369,0.76763,67056
2015.04.13,0.76656,0.76773,0.7552,0.75878,68978
2015.04.14,0.75879,0.76482,0.75544,0.76234,74543
2015.04.15,0.76234,0.76991,0.75706,0.76783,72914
2015.04.16,0.76783,0.78209,0.76721,0.78018,84505
2015.04.17,0.78013,0.78417,0.77581,0.77791,78283
2015.04.20,0.78227,0.78253,0.77056,0.77233,66090
2015.04.21,0.77222,0.7753,0.76818,0.771,72075
2015.04.22,0.77078,0.78063,0.7705,0.77513,77321
2015.04.23,0.7751,0.77897,0.77102,0.7777,83612
2015.04.24,0.77744,0.78399,0.77632,0.78201,73411
2015.04.27,0.78173,0.78714,0.77906,0.7853,72316
2015.04.28,0.78518,0.80257,0.78327,0.80207,70830
2015.04.29,0.80197,0.80747,0.79758,0.80115,75264
2015.04.30,0.80082,0.80203,0.78622,0.7902,79661
2015.05.01,0.79022,0.79171,0.78026,0.78415,58692
2015.05.04,0.78286,0.78509,0.78009,0.7837,55029
2015.05.05,0.78331,0.79547,0.77847,0.79428,89499
2015.05.06,0.79387,0.80294,0.79169,0.79675,91919
2015.05.07,0.79692,0.80027,0.78884,0.79036,93301
2015.05.08,0.79135,0.79672,0.78611,0.79324,89910
2015.05.11,0.79179,0.79323,0.78754,0.78883,75402
2015.05.12,0.78882,0.79991,0.78856,0.79746,86454
2015.05.13,0.79746,0.81233,0.79499,0.8111,91364
2015.05.14,0.8111,0.81623,0.80623,0.80776,94767
2015.05.15,0.80769,0.80884,0.79955,0.80361,92243
2015.05.18,0.80372,0.80513,0.79761,0.79872,80939
2015.05.19,0.79875,0.80094,0.79056,0.79125,100417
2015.05.20,0.79126,0.79341,0.78603,0.78732,115427
2015.05.21,0.78725,0.79125,0.78647,0.7892,104623
2015.05.22,0.7892,0.79307,0.78097,0.7829,97628
2015.05.25,0.7823,0.78387,0.78025,0.78211,70388
2015.05.26,0.78218,0.78391,0.77263,0.77333,105197
2015.05.27,0.77337,0.77677,0.76896,0.77267,93831
2015.05.28,0.77263,0.77602,0.76167,0.76466,112891
2015.05.29,0.76461,0.76733,0.76287,0.76419,91507
2015.06.01,0.76351,0.76676,0.75971,0.76043,86618
2015.06.02,0.76044,0.77892,0.76014,0.77707,115405
2015.06.03,0.77705,0.7818,0.77504,0.77847,103818
2015.06.04,0.77843,0.77858,0.76632,0.76861,110937
2015.06.05,0.7686,0.77279,0.7598,0.76144,149622
2015.06.08,0.76238,0.77118,0.7602,0.77013,122533
2015.06.09,0.77013,0.77221,0.76455,0.76888,144321
2015.06.10,0.7689,0.77844,0.76348,0.77567,160608
2015.06.11,0.7756,0.77919,0.76918,0.77529,139650
2015.06.12,0.77529,0.77575,0.7677,0.77298,119407
2015.06.15,0.77373,0.77759,0.77028,0.77639,102645
2015.06.16,0.7764,0.77796,0.7721,0.77495,97910
2015.06.17,0.77497,0.77692,0.76406,0.77469,121546
2015.06.18,0.7746,0.78482,0.77094,0.77969,129313
2015.06.19,0.77967,0.78123,0.77356,0.77692,106239
2015.06.22,0.77645,0.77956,0.77203,0.77262,96807
2015.06.23,0.77258,0.77482,0.76781,0.7734,103083
2015.06.24,0.77343,0.777,0.76823,0.7701,109659
2015.06.25,0.77008,0.77515,0.76954,0.77354,95432
2015.06.26,0.77355,0.77391,0.76296,0.76524,99174
2015.06.29,0.76205,0.77113,0.75849,0.7677,126887
2015.06.30,0.76768,0.77235,0.76584,0.77051,136710
2015.07.01,0.77052,0.77376,0.76379,0.76427,109812
2015.07.02,0.76427,0.76565,0.75888,0.76304,130155
2015.07.03,0.76301,0.76479,0.75083,0.75154,109916
2015.07.06,0.74755,0.75321,0.7461,0.7497,116063
2015.07.07,0.74968,0.75003,0.7397,0.745,136802
2015.07.08,0.74501,0.74585,0.73713,0.74276,124004
2015.07.09,0.74275,0.74907,0.73912,0.74446,117127
2015.07.10,0.74447,0.74957,0.74085,0.74375,106798
2015.07.13,0.74093,0.74677,0.73822,0.74051,120783
2015.07.14,0.74045,0.7478,0.73867,0.74491,114203
2015.07.15,0.7449,0.74877,0.73528,0.73768,132092
2015.07.16,0.73766,0.74361,0.73488,0.7402,118957
2015.07.17,0.74017,0.74178,0.73667,0.73779,107134
2015.07.20,0.73764,0.73967,0.73268,0.73681,119223
2015.07.21,0.7368,0.74486,0.73403,0.74169,142489
2015.07.22,0.7417,0.74381,0.73599,0.73725,131264
2015.07.23,0.73727,0.74165,0.73508,0.73508,126151
2015.07.24,0.73508,0.73611,0.72588,0.72821,118702
2015.07.27,0.72692,0.73239,0.72645,0.72671,112009
2015.07.28,0.72671,0.73435,0.7256,0.73331,122006
2015.07.29,0.73332,0.73499,0.72814,0.72933,126113
2015.07.30,0.72934,0.73216,0.72535,0.72904,118703
2015.07.31,0.72904,0.7366,0.7233,0.73001,140131
2015.08.03,0.73091,0.73141,0.72592,0.72835,117160
2015.08.04,0.72835,0.74275,0.72624,0.73777,152192
2015.08.05,0.73777,0.73941,0.73329,0.73537,131731
2015.08.06,0.73537,0.7391,0.7314,0.73431,119905
2015.08.07,0.7343,0.74177,0.73329,0.74174,134672
2015.08.10,0.7411,0.74214,0.73525,0.74112,104739
2015.08.11,0.74108,0.74388,0.72823,0.73003,153969
2015.08.12,0.72994,0.73864,0.7214,0.73755,146868
2015.08.13,0.73755,0.74082,0.73221,0.73557,95760
2015.08.14,0.73558,0.73967,0.73538,0.73773,87928
2015.08.17,0.73727,0.73884,0.73431,0.73694,59194
2015.08.18,0.73695,0.73854,0.73192,0.73384,80970
2015.08.19,0.73384,0.73744,0.73112,0.73444,94940
2015.08.20,0.73447,0.73721,0.72841,0.73345,90294
2015.08.21,0.73343,0.73595,0.7286,0.73096,118004
2015.08.24,0.73027,0.73108,0.70372,0.71538,160409
2015.08.25,0.71539,0.72491,0.71223,0.7125,131800
2015.08.26,0.71252,0.71556,0.70689,0.71213,133404
2015.08.27,0.71207,0.71803,0.7098,0.71638,108985
2015.08.28,0.71624,0.7205,0.71198,0.71634,105799
2015.08.31,0.71534,0.71622,0.70815,0.71108,81792
2015.09.01,0.71107,0.71528,0.70138,0.70163,126998
2015.09.02,0.7014,0.70482,0.69812,0.70366,116858
2015.09.03,0.70364,0.7062,0.69914,0.70154,96846
2015.09.04,0.70151,0.70205,0.69074,0.69081,101883
2015.09.07,0.69203,0.69492,0.69106,0.69214,93001
2015.09.08,0.69214,0.70386,0.69197,0.70155,81917
2015.09.09,0.70152,0.70694,0.70048,0.70121,83002
2015.09.10,0.70148,0.70986,0.69449,0.70684,128802
2015.09.11,0.70685,0.70914,0.70346,0.70872,71740
2015.09.14,0.70793,0.71508,0.7062,0.71349,68966
2015.09.15,0.71345,0.71651,0.70843,0.71396,70982
2015.09.16,0.71394,0.71992,0.71223,0.71953,72443
2015.09.17,0.71949,0.72743,0.7137,0.71715,106779
2015.09.18,0.71691,0.72789,0.71612,0.71911,98536
2015.09.21,0.71831,0.71962,0.71206,0.7129,68794
2015.09.22,0.71286,0.7158,0.70559,0.70863,74464
2015.09.23,0.70862,0.70891,0.6988,0.70005,83408
2015.09.24,0.70004,0.70415,0.69377,0.70222,108159
2015.09.25,0.70223,0.70415,0.69765,0.70239,92118
2015.09.28,0.70268,0.70352,0.69781,0.69878,71763
2015.09.29,0.69871,0.70231,0.69358,0.6981,86182
2015.09.30,0.69818,0.70375,0.69796,0.70143,82660
2015.10.01,0.70146,0.70839,0.69973,0.70266,89098
2015.10.02,0.70265,0.70649,0.70017,0.70511,82816
2015.10.05,0.70538,0.71101,0.70419,0.70801,77450
2015.10.06,0.70799,0.71744,0.70664,0.71628,87819
2015.10.07,0.71629,0.72338,0.71488,0.72055,89409
2015.10.08,0.72056,0.72705,0.71642,0.7258,90457
2015.10.09,0.72576,0.73431,0.72468,0.73363,101295
2015.10.12,0.73158,0.73814,0.73043,0.73591,73968
2015.10.13,0.73592,0.73631,0.7242,0.72422,91902
2015.10.14,0.72424,0.73164,0.71975,0.72972,106114
2015.10.15,0.72977,0.73628,0.7265,0.73234,48032
2015.10.16,0.7323,0.73366,0.72487,0.72624,40102
2015.10.19,0.72536,0.73067,0.72384,0.72465,34908
2015.10.20,0.72459,0.72976,0.72414,0.72585,33235
2015.10.21,0.72587,0.72754,0.72019,0.72076,38517
2015.10.22,0.72078,0.7239,0.71819,0.72043,47903
2015.10.23,0.7204,0.72954,0.71968,0.72185,50500
2015.10.26,0.72085,0.72689,0.72065,0.72433,38787
2015.10.27,0.72427,0.72578,0.71784,0.71998,37898
2015.10.28,0.71978,0.72059,0.70796,0.71002,53895
2015.10.29,0.71003,0.71187,0.70668,0.7079,45570
2015.10.30,0.70792,0.71478,0.70769,0.71331,46848
2015.11.02,0.71131,0.71529,0.71117,0.7144,30915
2015.11.03,0.71438,0.72186,0.71239,0.71839,29671
2015.11.04,0.71841,0.72236,0.71353,0.71466,40416
2015.11.05,0.71465,0.71689,0.71249,0.71402,48956
2015.11.06,0.71399,0.7169,0.70222,0.70382,52146
2015.11.09,0.70268,0.70693,0.70249,0.7043,50141
2015.11.10,0.70435,0.70635,0.70155,0.70268,51652
2015.11.11,0.70287,0.70775,0.70238,0.70597,41994
2015.11.12,0.70587,0.71537,0.70562,0.71214,43003
2015.11.13,0.71212,0.71582,0.71056,0.71268,46677
2015.11.16,0.71188,0.71317,0.70796,0.70922,49643
2015.11.17,0.70922,0.71392,0.70719,0.71094,57622
2015.11.18,0.71094,0.71169,0.70682,0.71086,57821
2015.11.19,0.7109,0.7214,0.71014,0.71896,69007
2015.11.20,0.71924,0.72495,0.7183,0.72306,64296
2015.11.23,0.72307,0.72324,0.71585,0.71849,57996
2015.11.24,0.71916,0.72562,0.71843,0.72524,59315
2015.11.25,0.72526,0.72821,0.72263,0.72492,61624
2015.11.26,0.72493,0.72615,0.72101,0.72219,55525
2015.11.27,0.72216,0.72388,0.71844,0.71886,53221
2015.11.30,0.71916,0.72493,0.71697,0.72254,57068
2015.12.01,0.72252,0.73353,0.72213,0.73201,72223
2015.12.02,0.73201,0.73421,0.72923,0.73065,70857
2015.12.03,0.73063,0.73622,0.72834,0.73373,92837
2015.12.04,0.73407,0.73846,0.72787,0.7336,90547
2015.12.07,0.73391,0.73414,0.72558,0.72655,72365
2015.12.08,0.72663,0.72698,0.7186,0.72116,76852
2015.12.09,0.72121,0.72446,0.71714,0.72263,78237
2015.12.10,0.72269,0.73335,0.72211,0.72794,76005
2015.12.11,0.72794,0.7281,0.71822,0.71822,66937
2015.12.14,0.7202,0.7269,0.7159,0.72399,71543
2015.12.15,0.724,0.72825,0.71598,0.71877,72505
2015.12.16,0.71897,0.72789,0.71759,0.72264,80315
2015.12.17,0.72263,0.72499,0.70965,0.71209,67712
2015.12.18,0.7127,0.71995,0.71111,0.71793,59430
2015.12.21,0.71698,0.71943,0.71542,0.71847,44282
2015.12.22,0.71871,0.7248,0.71805,0.72343,49308
2015.12.23,0.72332,0.72471,0.72084,0.72311,47791
2015.12.24,0.72309,0.72797,0.72256,0.72726,30842
2015.12.28,0.72764,0.72815,0.72443,0.72443,31649
2015.12.29,0.72477,0.73022,0.72434,0.72942,38179
2015.12.30,0.72958,0.73028,0.72706,0.72837,42494
2015.12.31,0.72818,0.73268,0.72659,0.72919,32066
2016.01.04,0.72827,0.72998,0.71553,0.71843,60373
2016.01.05,0.71893,0.72138,0.71315,0.71558,59741
2016.01.06,0.71564,0.71708,0.70478,0.70673,74949
2016.01.07,0.70709,0.70853,0.69797,0.70059,81435
2016.01.08,0.70087,0.70747,0.69621,0.69746,68566
2016.01.11,0.69692,0.70349,0.69262,0.69921,67539
2016.01.12,0.69929,0.70202,0.69392,0.69815,74387
2016.01.13,0.69838,0.70479,0.69496,0.69542,68513
2016.01.14,0.69536,0.69961,0.69093,0.69825,77725
2016.01.15,0.69828,0.70013,0.68264,0.68599,68457
2016.01.18,0.68397,0.69271,0.68304,0.68643,66695
2016.01.19,0.68634,0.69565,0.68376,0.69039,79376
2016.01.20,0.69054,0.69245,0.68324,0.69046,81993
2016.01.21,0.69027,0.70169,0.68748,0.69971,80640
2016.01.22,0.6997,0.70444,0.69858,0.70066,59064
2016.01.25,0.7003,0.70303,0.69494,0.69535,53105
2016.01.26,0.69536,0.70206,0.69182,0.70032,55893
2016.01.27,0.70033,0.70808,0.6992,0.7025,67832
2016.01.28,0.7025,0.71168,0.70075,0.70824,55584
2016.01.29,0.70824,0.71397,0.7058,0.70782,61029
2016.02.01,0.70791,0.71202,0.70419,0.71124,56971
2016.02.02,0.71123,0.71285,0.70341,0.7037,57562
2016.02.03,0.70381,0.71841,0.70022,0.71672,52587
2016.02.04,0.7167,0.72409,0.71526,0.71995,48010
2016.02.05,0.71994,0.72176,0.70638,0.70676,42835
2016.02.08,0.70678,0.71278,0.70501,0.7085,53396
2016.02.09,0.70851,0.70912,0.69729,0.70686,58061
2016.02.10,0.70688,0.71246,0.7037,0.70945,58002
2016.02.11,0.70947,0.71525,0.69886,0.71062,62663
2016.02.12,0.71085,0.71274,0.70623,0.71,55100
2016.02.15,0.71011,0.71709,0.70994,0.71342,54966
2016.02.16,0.71344,0.71811,0.70809,0.71086,57495
2016.02.17,0.71085,0.71859,0.70835,0.71827,62869
2016.02.18,0.71819,0.71834,0.71323,0.71558,58386
2016.02.19,0.71559,0.71612,0.70708,0.71485,51649
2016.02.22,0.71508,0.72462,0.71353,0.72262,53341
2016.02.23,0.72263,0.72584,0.71996,0.72008,61423
2016.02.24,0.7201,0.72126,0.71452,0.71946,62766
2016.02.25,0.71946,0.72427,0.71557,0.72345,60400
2016.02.26,0.72347,0.72558,0.71176,0.71298,56278
2016.02.29,0.71197,0.71672,0.7108,0.71393,65634
2016.03.01,0.71394,0.71914,0.71085,0.71733,65456
2016.03.02,0.71734,0.73003,0.71633,0.72931,68314
2016.03.03,0.72931,0.73733,0.72809,0.73509,64752
2016.03.04,0.7351,0.74424,0.73393,0.7431,63738
2016.03.07,0.74023,0.74838,0.73918,0.74664,56421
2016.03.08,0.74654,0.74717,0.74094,0.74379,60003
2016.03.09,0.7438,0.75272,0.74116,0.74837,72484
2016.03.10,0.74837,0.75028,0.74263,0.74525,76029
2016.03.11,0.74524,0.75828,0.7446,0.75596,65686
2016.03.14,0.75474,0.75929,0.7491,0.75078,62028
2016.03.15,0.75074,0.7527,0.74447,0.74594,61991
2016.03.16,0.7459,0.75754,0.7414,0.75621,59158
2016.03.17,0.75612,0.76563,0.75327,0.76366,63459
2016.03.18,0.76381,0.76794,0.75944,0.76018,33123
2016.03.21,0.75938,0.76258,0.7568,0.75804,37940
2016.03.22,0.758,0.76421,0.75505,0.76148,36284
2016.03.23,0.76142,0.76481,0.75189,0.75349,37833
2016.03.24,0.7534,0.75365,0.74766,0.75249,39949
2016.03.25,0.75245,0.75345,0.74966,0.75024,40883
2016.03.28,0.75094,0.75573,0.74925,0.75424,38242
2016.03.29,0.75423,0.76444,0.75097,0.76264,63399
2016.03.30,0.76264,0.77028,0.76145,0.76693,68084
2016.03.31,0.76693,0.77103,0.76336,0.76563,55663
2016.04.01,0.76564,0.76997,0.76016,0.76813,50095
2016.04.04,0.76697,0.76808,0.75978,0.76022,54205
2016.04.05,0.76016,0.76308,0.75096,0.75418,59149
2016.04.06,0.75411,0.76155,0.75323,0.7597,51464
2016.04.07,0.7597,0.76368,0.74937,0.75042,52115
2016.04.08,0.75042,0.75777,0.74994,0.75527,54013
2016.04.11,0.75444,0.76229,0.75272,0.75946,55281
2016.04.12,0.75946,0.76889,0.75827,0.76818,51470
2016.04.13,0.76819,0.77154,0.76336,0.76516,46986
2016.04.14,0.76516,0.77352,0.76186,0.76938,48831
2016.04.15,0.76937,0.77339,0.768,0.77162,47160
2016.04.18,0.76509,0.77568,0.76308,0.77481,57620
2016.04.19,0.7748,0.78255,0.77456,0.78116,61338
2016.04.20,0.78115,0.78278,0.77662,0.77926,71485
2016.04.21,0.77925,0.7832,0.77321,0.77356,64348
2016.04.22,0.77357,0.77737,0.76932,0.77114,74707
2016.04.25,0.76943,0.7728,0.76905,0.77133,68743
2016.04.26,0.77135,0.7764,0.76994,0.77462,63758
2016.04.27,0.77463,0.77646,0.75596,0.75856,62433
2016.04.28,0.75867,0.76569,0.75687,0.76229,79710
2016.04.29,0.76228,0.76678,0.75892,0.76015,71505
2016.05.02,0.75959,0.76711,0.759,0.76654,81107
2016.05.03,0.76653,0.77179,0.74827,0.74835,75044
2016.05.04,0.74834,0.75134,0.74463,0.7453,60817
2016.05.05,0.7453,0.75131,0.74514,0.74633,52512
2016.05.06,0.74633,0.74775,0.73408,0.73667,55476
2016.05.09,0.73552,0.73844,0.73068,0.73137,50590
2016.05.10,0.73136,0.73726,0.72994,0.73597,50744
2016.05.11,0.73597,0.74016,0.73351,0.73736,52934
2016.05.12,0.73735,0.73786,0.73112,0.73228,50646
2016.05.13,0.73229,0.73241,0.72559,0.7269,48567
2016.05.16,0.7247,0.73048,0.72458,0.72871,49053
2016.05.17,0.72871,0.73657,0.72817,0.7323,57788
2016.05.18,0.73229,0.73298,0.7221,0.72271,57695
2016.05.19,0.72268,0.72412,0.71844,0.72262,55733
2016.05.20,0.72262,0.72488,0.72121,0.72231,45295
2016.05.23,0.72166,0.72593,0.71943,0.72209,47787
2016.05.24,0.72209,0.72275,0.71444,0.71817,50400
2016.05.25,0.71817,0.72183,0.71729,0.7197,47650
2016.05.26,0.71969,0.72429,0.71609,0.72243,48155
2016.05.27,0.72223,0.72341,0.71715,0.71828,43915
2016.05.30,0.71771,0.71866,0.71479,0.71795,39827
2016.05.31,0.71789,0.72663,0.71771,0.72303,55272
2016.06.01,0.72301,0.72984,0.72267,0.72547,59203
2016.06.02,0.72533,0.72687,0.7201,0.72279,65087
2016.06.03,0.72279,0.73669,0.72176,0.73663,57268
2016.06.06,0.73675,0.73795,0.73147,0.7365,67255
2016.06.07,0.73633,0.7463,0.7359,0.74571,62553
2016.06.08,0.74565,0.74812,0.74297,0.74703,62509
2016.06.09,0.74704,0.75036,0.74197,0.74301,69979
2016.06.10,0.74302,0.7437,0.73698,0.73757,60454
2016.06.13,0.73733,0.74098,0.73586,0.73861,64076
2016.06.14,0.73859,0.74038,0.733,0.73569,64080
2016.06.15,0.7357,0.74421,0.73332,0.74066,72165
2016.06.16,0.74063,0.74402,0.72888,0.73613,77666
2016.06.17,0.73614,0.741,0.73578,0.73957,69671
2016.06.20,0.74316,0.74803,0.74054,0.74541,60615
2016.06.21,0.7454,0.7512,0.74475,0.74475,54897
2016.06.22,0.74472,0.75223,0.74408,0.74994,57164
2016.06.23,0.74993,0.76158,0.74929,0.76124,60959
2016.06.24,0.76135,0.76438,0.73055,0.74695,83776
2016.06.27,0.74133,0.74481,0.7324,0.73277,88036
2016.06.28,0.73267,0.74144,0.73212,0.73856,75058
2016.06.29,0.73856,0.74556,0.73802,0.74496,71529
2016.06.30,0.74494,0.74719,0.73781,0.745,74896
2016.07.01,0.74499,0.75023,0.74365,0.74929,62211
2016.07.04,0.74457,0.75439,0.74431,0.75372,57110
2016.07.05,0.75365,0.75437,0.7453,0.74615,68100
2016.07.06,0.74614,0.75266,0.74072,0.75169,78987
2016.07.07,0.75169,0.75378,0.74662,0.74773,79295
2016.07.08,0.74774,0.75698,0.74751,0.75634,59882
2016.07.11,0.75633,0.75748,0.75211,0.75306,54715
2016.07.12,0.75308,0.76572,0.75295,0.76217,55761
2016.07.13,0.76217,0.76374,0.75769,0.7607,62154
2016.07.14,0.76072,0.7652,0.75905,0.76304,56791
2016.07.15,0.76302,0.76753,0.75795,0.75968,59516
2016.07.18,0.75929,0.76057,0.75744,0.75893,55264
2016.07.19,0.75903,0.75912,0.74752,0.75029,65396
2016.07.20,0.75031,0.75163,0.74621,0.74748,62170
2016.07.21,0.74749,0.75131,0.74525,0.7492,70399
2016.07.22,0.74934,0.75069,0.74421,0.74655,54929
2016.07.25,0.74581,0.74913,0.74512,0.74686,61653
2016.07.26,0.74685,0.75393,0.74619,0.75003,69730
2016.07.27,0.75008,0.75645,0.74197,0.74902,83146
2016.07.28,0.749,0.75484,0.74856,0.75001,69625
2016.07.29,0.75001,0.76069,0.74922,0.75982,71354
2016.08.01,0.75915,0.76143,0.75279,0.75346,66859
2016.08.02,0.75344,0.76314,0.74866,0.76079,74294
2016.08.03,0.76077,0.76132,0.75701,0.75871,66196
2016.08.04,0.75872,0.76395,0.75827,0.7627,68206
2016.08.05,0.76269,0.76633,0.75966,0.76207,70068
2016.08.08,0.76123,0.76699,0.75964,0.76494,73049
2016.08.09,0.76494,0.76859,0.76208,0.76712,72726
2016.08.10,0.76711,0.77548,0.76608,0.76978,68005
2016.08.11,0.76977,0.77589,0.76906,0.76979,60032
2016.08.12,0.76972,0.77235,0.76452,0.76501,56582
2016.08.15,0.76528,0.76907,0.76355,0.76718,56054
2016.08.16,0.76719,0.77379,0.76529,0.76935,66470
2016.08.17,0.76935,0.77069,0.76081,0.76532,78071
2016.08.18,0.7653,0.77178,0.76484,0.76844,81377
2016.08.19,0.76844,0.76898,0.75982,0.76252,65054
2016.08.22,0.75995,0.76361,0.75827,0.76245,64887
2016.08.23,0.76244,0.76541,0.76125,0.76132,65166
2016.08.24,0.76131,0.76329,0.75876,0.76119,63173
2016.08.25,0.76117,0.76381,0.7601,0.7616,54519
2016.08.26,0.76157,0.76912,0.75501,0.7561,58727
2016.08.29,0.75589,0.75805,0.75238,0.75666,69635
2016.08.30,0.7567,0.75789,0.74993,0.75075,63503
2016.08.31,0.75074,0.75323,0.74942,0.75157,70463
2016.09.01,0.75156,0.75579,0.75036,0.75504,71687
2016.09.02,0.75504,0.76148,0.75363,0.75703,60188
2016.09.05,0.75687,0.76054,0.75619,0.75799,68387
2016.09.06,0.7579,0.76874,0.75781,0.76858,70536
2016.09.07,0.76859,0.76951,0.76516,0.76707,68653
2016.09.08,0.76696,0.77308,0.76355,0.76412,63042
2016.09.09,0.76413,0.7656,0.75352,0.7536,68306
2016.09.12,0.75369,0.7566,0.74949,0.75646,81405
2016.09.13,0.75645,0.7567,0.74433,0.74616,79240
2016.09.14,0.74617,0.74935,0.745,0.74655,74782
2016.09.15,0.74654,0.75196,0.74451,0.75136,78192
2016.09.16,0.75137,0.75257,0.74761,0.74914,66281
2016.09.19,0.74763,0.75718,0.74763,0.75326,60656
2016.09.20,0.75327,0.7564,0.75294,0.75537,57288
2016.09.21,0.75534,0.76284,0.75334,0.76215,53065
2016.09.22,0.76213,0.76727,0.76052,0.76395,60086
2016.09.23,0.76395,0.76523,0.76103,0.76203,52567
2016.09.26,0.76114,0.76484,0.7602,0.76337,80686
2016.09.27,0.76344,0.76946,0.76105,0.76656,80638
2016.09.28,0.76654,0.76923,0.76438,0.76909,84351
2016.09.29,0.76904,0.77091,0.76223,0.76337,95405
2016.09.30,0.76338,0.76705,0.75889,0.76556,86339
2016.10.03,0.76524,0.76804,0.76393,0.76709,67752
2016.10.04,0.76709,0.76897,0.76071,0.76179,80336
2016.10.05,0.76179,0.76437,0.75938,0.76196,76265
2016.10.06,0.76195,0.7622,0.75628,0.75834,63965
2016.10.07,0.75834,0.76211,0.75523,0.75854,85316
2016.10.10,0.76051,0.76274,0.75792,0.76055,76830
2016.10.11,0.76056,0.76084,0.75323,0.7537,100194
2016.10.12,0.75377,0.75915,0.75327,0.75605,90207
2016.10.13,0.75598,0.75808,0.75053,0.75673,107642
2016.10.14,0.75673,0.76464,0.75552,0.76195,92442
2016.10.17,0.76179,0.76279,0.758,0.76273,82473
2016.10.18,0.76266,0.76885,0.76237,0.76633,77038
2016.10.19,0.76634,0.77284,0.76582,0.77195,73655
2016.10.20,0.77197,0.77338,0.76204,0.76248,74694
2016.10.21,0.76242,0.76499,0.75862,0.76049,69851
2016.10.24,0.76063,0.76397,0.75902,0.76093,40750
2016.10.25,0.76094,0.76539,0.75881,0.76446,73876
2016.10.26,0.76447,0.77078,0.76265,0.7649,87121
2016.10.27,0.76488,0.76512,0.75808,0.75866,90781
2016.10.28,0.75866,0.76069,0.75572,0.75959,92860
2016.10.31,0.75943,0.76181,0.75819,0.76052,85943
2016.11.01,0.76052,0.76881,0.75971,0.76544,93663
2016.11.02,0.7654,0.76772,0.76116,0.76559,88706
2016.11.03,0.76559,0.76869,0.7636,0.76797,85352
2016.11.04,0.7679,0.76959,0.76513,0.76729,105194
2016.11.07,0.76762,0.77285,0.76562,0.77254,110346
2016.11.08,0.77254,0.77772,0.76881,0.77595,108938
2016.11.09,0.77595,0.77689,0.75898,0.76344,114198
2016.11.10,0.76343,0.77411,0.75733,0.76122,107975
2016.11.11,0.76121,0.76286,0.75243,0.75393,118024
2016.11.14,0.75435,0.7563,0.75228,0.75527,119436
2016.11.15,0.75525,0.75801,0.75109,0.75575,108562
2016.11.16,0.75574,0.75701,0.74594,0.74775,99502
2016.11.17,0.74775,0.75007,0.74002,0.74054,92168
2016.11.18,0.74052,0.74167,0.73166,0.73166,97769
2016.11.21,0.73301,0.73802,0.73122,0.73675,90997
2016.11.22,0.7367,0.74125,0.73622,0.73998,86579
2016.11.23,0.73998,0.74441,0.73749,0.73846,79391
2016.11.24,0.73847,0.74173,0.73635,0.74054,79826
2016.11.25,0.74054,0.74674,0.74018,0.74243,75289
2016.11.28,0.74402,0.74927,0.74321,0.74795,84489
2016.11.29,0.74796,0.74963,0.74318,0.74825,84761
2016.11.30,0.74826,0.74963,0.73737,0.73822,82248
2016.12.01,0.73822,0.74205,0.73691,0.7413,76592
2016.12.02,0.74132,0.74668,0.74,0.74489,77089
2016.12.05,0.74484,0.74937,0.74109,0.74701,90685
2016.12.06,0.74705,0.74819,0.74304,0.74598,94353
2016.12.07,0.74599,0.74823,0.74155,0.74809,93264
2016.12.08,0.74809,0.75069,0.74279,0.74627,98356
2016.12.09,0.74625,0.74953,0.74278,0.74278,97549
2016.12.12,0.74441,0.75034,0.74287,0.74947,95142
2016.12.13,0.74945,0.75209,0.7475,0.74979,93797
2016.12.14,0.74981,0.7524,0.73943,0.74039,97733
2016.12.15,0.74049,0.74299,0.73374,0.73571,104282
2016.12.16,0.73571,0.73685,0.72722,0.72839,87744
2016.12.19,0.72819,0.73121,0.72415,0.72433,87955
2016.12.20,0.72432,0.72616,0.72221,0.72587,83820
2016.12.21,0.72586,0.72788,0.7234,0.72372,78459
2016.12.22,0.72375,0.72569,0.71965,0.7216,81738
2016.12.23,0.72162,0.72266,0.71558,0.71558,75007
2016.12.26,0.71645,0.7226,0.71589,0.71878,13722
2016.12.27,0.71876,0.71963,0.71718,0.71827,74129
2016.12.28,0.71826,0.7219,0.71628,0.71738,105440
2016.12.29,0.71741,0.72227,0.71624,0.72159,112022
2016.12.30,0.72153,0.72458,0.718,0.718,139741
2017.01.02,0.72064,0.72175,0.71634,0.71738,44111
2017.01.03,0.71805,0.72403,0.71736,0.72167,101798
2017.01.04,0.72163,0.72863,0.72134,0.72814,127324
2017.01.05,0.72816,0.73559,0.72719,0.73324,161462
2017.01.06,0.73342,0.73544,0.72878,0.72956,136893
2017.01.09,0.72928,0.73731,0.72861,0.7353,110420
2017.01.10,0.73532,0.73839,0.73303,0.73666,125971
2017.01.11,0.73667,0.74709,0.73527,0.74397,143117
2017.01.12,0.74397,0.75178,0.7429,0.74823,141853
2017.01.13,0.7482,0.75077,0.74486,0.74808,131993
2017.01.16,0.74799,0.75046,0.74574,0.74763,101683
2017.01.17,0.74763,0.75677,0.7464,0.7566,130641
2017.01.18,0.75661,0.75661,0.75019,0.75039,112022
2017.01.19,0.75038,0.75732,0.74926,0.75585,128257
2017.01.20,0.75585,0.75877,0.75168,0.75359,132184
2017.01.23,0.75573,0.75885,0.75494,0.75796,95806
2017.01.24,0.75795,0.76082,0.75527,0.75796,84769
2017.01.25,0.75793,0.75974,0.75143,0.75718,101553
2017.01.26,0.75719,0.75842,0.75234,0.75316,91955
2017.01.27,0.75318,0.75709,0.75107,0.75443,110340
2017.01.30,0.75528,0.75661,0.75272,0.75525,86877
2017.01.31,0.75527,0.76047,0.75414,0.75826,94750
2017.02.01,0.75828,0.75959,0.75506,0.75825,99436
2017.02.02,0.75825,0.76951,0.75765,0.76548,106983
2017.02.03,0.76548,0.76941,0.76189,0.76619,103792
2017.02.06,0.7676,0.76822,0.76287,0.76581,93380
2017.02.07,0.76582,0.76803,0.7605,0.76255,94111
2017.02.08,0.76256,0.7665,0.76106,0.76435,84786
2017.02.09,0.7644,0.76633,0.76097,0.76231,77894
2017.02.10,0.76232,0.7688,0.76171,0.76659,81089
2017.02.13,0.76784,0.76797,0.76301,0.76381,68160
2017.02.14,0.76381,0.76955,0.76195,0.76623,75111
2017.02.15,0.76623,0.77187,0.76365,0.77083,70457
2017.02.16,0.77085,0.77312,0.76837,0.76936,85276
2017.02.17,0.76933,0.7712,0.76452,0.76452,71422
2017.02.20,0.76718,0.76895,0.76584,0.76871,58552
2017.02.21,0.76868,0.76896,0.76489,0.76738,71106
2017.02.22,0.76733,0.77125,0.76662,0.77006,71837
2017.02.23,0.77005,0.774,0.76645,0.77141,71304
2017.02.24,0.77139,0.77195,0.76634,0.76634,64789
2017.02.27,0.76794,0.7707,0.7662,0.76717,67577
2017.02.28,0.76713,0.76939,0.76458,0.7655,69531
2017.03.01,0.76549,0.7699,0.76359,0.76745,93806
2017.03.02,0.76746,0.76812,0.75567,0.75709,86488
2017.03.03,0.75709,0.75971,0.75421,0.75769,84859
2017.03.06,0.75857,0.76086,0.75695,0.75788,77116
2017.03.07,0.75789,0.76317,0.75739,0.75854,80233
2017.03.08,0.75855,0.7608,0.75246,0.75258,79368
2017.03.09,0.75259,0.75334,0.74902,0.75039,84782
2017.03.10,0.75036,0.75537,0.74972,0.75404,79632
2017.03.13,0.7546,0.75915,0.7533,0.75697,75354
2017.03.14,0.75697,0.75786,0.75394,0.75585,67072
2017.03.15,0.75583,0.77184,0.75541,0.77036,72716
2017.03.16,0.77034,0.7716,0.76628,0.7679,85045
2017.03.17,0.76789,0.77169,0.76625,0.76974,64984
2017.03.20,0.76983,0.7747,0.76964,0.77286,83104
2017.03.21,0.77286,0.77487,0.76819,0.76846,86224
2017.03.22,0.76847,0.76884,0.76383,0.76737,86587
2017.03.23,0.76736,0.76761,0.76215,0.76252,84771
2017.03.24,0.7625,0.76397,0.76031,0.76215,81237
2017.03.27,0.76351,0.76473,0.76081,0.7616,79019
2017.03.28,0.76158,0.76536,0.75866,0.76325,75862
2017.03.29,0.76324,0.76742,0.76289,0.76678,70335
2017.03.30,0.76677,0.76787,0.76386,0.76397,77641
2017.03.31,0.76394,0.7662,0.76216,0.76265,79231
2017.04.03,0.76303,0.76394,0.75904,0.76033,62713
2017.04.04,0.76017,0.76146,0.75447,0.75632,62686
2017.04.05,0.75632,0.7587,0.75574,0.75683,58104
2017.04.06,0.75683,0.75763,0.75319,0.75435,63346
2017.04.07,0.75429,0.75455,0.74937,0.7497,66032
2017.04.10,0.7491,0.75084,0.74756,0.74995,60994
2017.04.11,0.74996,0.75144,0.74736,0.7497,64322
2017.04.12,0.74956,0.75282,0.74727,0.75218,66871
2017.04.13,0.75189,0.7595,0.75176,0.75679,68860
2017.04.14,0.75613,0.7582,0.75563,0.75733,51953
2017.04.17,0.75751,0.76102,0.75683,0.75879,42283
2017.04.18,0.75879,0.75958,0.75335,0.75585,63293
2017.04.19,0.75571,0.75621,0.74911,0.74958,56537
2017.04.20,0.74962,0.75466,0.74885,0.75254,56532
2017.04.21,0.75258,0.75454,0.75151,0.75267,53489
2017.04.24,0.75841,0.75843,0.75267,0.75678,57278
2017.04.25,0.75677,0.75715,0.752,0.75334,53635
2017.04.26,0.75338,0.75533,0.74546,0.74723,67124
2017.04.27,0.74721,0.7492,0.74396,0.74637,60103
2017.04.28,0.74638,0.74905,0.74475,0.74603,56246
2017.05.01,0.74683,0.754,0.74603,0.75241,40179
2017.05.02,0.75242,0.75557,0.751,0.75344,49006
2017.05.03,0.75355,0.75457,0.7419,0.74219,54728
2017.05.04,0.74185,0.74297,0.73825,0.7408,59841
2017.05.05,0.7408,0.74261,0.73672,0.7411,63046
2017.05.08,0.741,0.74241,0.7377,0.73851,56764
2017.05.09,0.73849,0.73974,0.73281,0.73426,68274
2017.05.10,0.73426,0.73938,0.73378,0.73631,69424
2017.05.11,0.7363,0.7382,0.73323,0.73773,69754
2017.05.12,0.73771,0.74201,0.73664,0.73835,63462
2017.05.15,0.739,0.74449,0.73839,0.74109,62719
2017.05.16,0.74103,0.74371,0.73943,0.74247,64578
2017.05.17,0.74246,0.74427,0.73899,0.74292,68853
2017.05.18,0.74291,0.74658,0.74075,0.74163,83006
2017.05.19,0.7416,0.74686,0.74056,0.74561,65658
2017.05.22,0.74508,0.74879,0.74343,0.74736,60526
2017.05.23,0.74737,0.75164,0.74654,0.74742,66639
2017.05.24,0.74745,0.75068,0.74418,0.75006,67221
2017.05.25,0.75006,0.75151,0.745,0.74518,65178
2017.05.26,0.74519,0.74603,0.74212,0.74438,63662
2017.05.29,0.74371,0.74496,0.74261,0.74366,72310
2017.05.30,0.74363,0.74686,0.74154,0.74636,68870
2017.05.31,0.74636,0.74749,0.74239,0.74289,63053
2017.06.01,0.74276,0.74537,0.73715,0.73717,63712
2017.06.02,0.73716,0.74456,0.7371,0.74392,58091
2017.06.05,0.74228,0.74976,0.74215,0.7484,55840
2017.06.06,0.74839,0.75214,0.74565,0.75048,67083
2017.06.07,0.75048,0.75659,0.7499,0.75471,61116
2017.06.08,0.7546,0.75536,0.75242,0.75454,57144
2017.06.09,0.7545,0.75452,0.75187,0.75273,61805
2017.06.12,0.75295,0.75463,0.75209,0.75395,49657
2017.06.13,0.75397,0.7564,0.75236,0.75362,53321
2017.06.14,0.75361,0.76334,0.75317,0.75874,64473
2017.06.15,0.75853,0.76309,0.75675,0.75773,68092
2017.06.16,0.75771,0.76292,0.75752,0.76168,62771
2017.06.19,0.76162,0.76284,0.75843,0.75945,55281
2017.06.20,0.75946,0.76229,0.75699,0.75782,59397
2017.06.21,0.75784,0.75848,0.75423,0.75488,59793
2017.06.22,0.75485,0.75703,0.75347,0.75394,58431
2017.06.23,0.75394,0.75802,0.75373,0.75648,50705
2017.06.26,0.75593,0.75985,0.75593,0.75836,55211
2017.06.27,0.75834,0.76237,0.75763,0.75809,62056
2017.06.28,0.75811,0.76442,0.75763,0.76374,62754
2017.06.29,0.76372,0.76855,0.76342,0.76817,59544
2017.06.30,0.76818,0.77115,0.76674,0.76854,67145
2017.07.03,0.76814,0.76946,0.76438,0.76583,60143
2017.07.04,0.76583,0.76818,0.75904,0.76014,80398
2017.07.05,0.76014,0.76313,0.75721,0.76014,56084
2017.07.06,0.76014,0.7614,0.75763,0.75827,52626
2017.07.07,0.75826,0.76215,0.75715,0.76012,59778
2017.07.10,0.7599,0.76139,0.75858,0.76046,47906
2017.07.11,0.76051,0.76418,0.76022,0.76345,55816
2017.07.12,0.76344,0.76826,0.76332,0.76754,55920
2017.07.13,0.76753,0.77391,0.7673,0.77283,53107
2017.07.14,0.77282,0.78331,0.77243,0.78274,60740
2017.07.17,0.78249,0.78378,0.77914,0.77951,65696
2017.07.18,0.77952,0.79422,0.77855,0.7915,77761
2017.07.19,0.79149,0.79583,0.79084,0.795,68453
2017.07.20,0.79499,0.79881,0.78967,0.7957,64578
2017.07.21,0.7957,0.79587,0.78743,0.79117,68686
2017.07.24,0.79032,0.79666,0.79025,0.79227,66686
2017.07.25,0.79228,0.79695,0.79019,0.79352,63730
2017.07.26,0.79355,0.8013,0.78773,0.80036,76914
2017.07.27,0.80036,0.80648,0.79556,0.79651,80123
2017.07.28,0.79649,0.80066,0.79362,0.79856,77758
2017.07.31,0.79739,0.80028,0.79553,0.80005,68379
2017.08.01,0.80007,0.8042,0.796,0.79674,75950
2017.08.02,0.79672,0.79922,0.79407,0.7963,69226
2017.08.03,0.79636,0.7968,0.79134,0.79464,69682
2017.08.04,0.79465,0.79789,0.78907,0.79242,69813
2017.08.07,0.79182,0.79478,0.78983,0.79103,65024
2017.08.08,0.79103,0.79421,0.78892,0.79112,63400
2017.08.09,0.79108,0.79139,0.78544,0.78858,73324
2017.08.10,0.78858,0.79099,0.78658,0.78733,69352
2017.08.11,0.78737,0.79086,0.78382,0.78929,69267
2017.08.14,0.78915,0.79182,0.7844,0.78498,63770
2017.08.15,0.78499,0.78758,0.78072,0.78191,59110
2017.08.16,0.78188,0.79331,0.78158,0.79235,64464
2017.08.17,0.79235,0.7962,0.78795,0.78843,67743
2017.08.18,0.78842,0.79394,0.78688,0.79272,63160
2017.08.21,0.79269,0.79499,0.791,0.79381,50121
2017.08.22,0.79374,0.79501,0.7897,0.79089,56313
2017.08.23,0.79091,0.79167,0.78815,0.79017,64320
2017.08.24,0.79017,0.79152,0.78659,0.7898,63137
2017.08.25,0.78977,0.7953,0.78845,0.79309,64237
2017.08.28,0.79228,0.79724,0.79208,0.79614,61354
2017.08.29,0.79614,0.79822,0.79078,0.79462,72268
2017.08.30,0.79462,0.79949,0.78894,0.7903,72917
2017.08.31,0.79028,0.79491,0.78719,0.79456,78610
2017.09.01,0.79456,0.79924,0.79209,0.79671,66085
2017.09.04,0.79458,0.7972,0.79403,0.7942,80300
2017.09.05,0.79406,0.80274,0.79401,0.79951,87133
2017.09.06,0.7995,0.80198,0.79627,0.79978,75977
2017.09.07,0.79977,0.80478,0.79737,0.80453,68563
2017.09.08,0.80454,0.81163,0.8042,0.80516,72463
2017.09.11,0.80533,0.80575,0.8018,0.80265,69741
2017.09.12,0.80261,0.80483,0.79976,0.80148,72490
2017.09.13,0.80155,0.80434,0.79722,0.79838,70408
2017.09.14,0.79838,0.80153,0.79605,0.80017,71002
2017.09.15,0.80017,0.80291,0.79858,0.79993,67132
2017.09.18,0.79958,0.80345,0.79391,0.79582,67454
2017.09.19,0.79575,0.80192,0.79547,0.80079,72151
2017.09.20,0.80078,0.80868,0.79882,0.80304,72420
2017.09.21,0.80304,0.80354,0.79162,0.79305,77466
2017.09.22,0.79265,0.79856,0.79073,0.79598,68171
2017.09.25,0.79496,0.79729,0.79255,0.79351,48064
2017.09.26,0.79351,0.7948,0.78612,0.78839,72242
2017.09.27,0.7884,0.78877,0.78355,0.78469,73347
2017.09.28,0.7847,0.78594,0.77989,0.78551,71708
2017.09.29,0.78551,0.78562,0.7816,0.78336,60410
2017.10.02,0.78284,0.78467,0.77946,0.78247,62710
2017.10.03,0.78247,0.78378,0.77911,0.78333,61366
2017.10.04,0.78333,0.78743,0.78291,0.78614,67817
2017.10.05,0.78624,0.78645,0.77859,0.77935,65613
2017.10.06,0.77935,0.77975,0.77323,0.77749,67909
2017.10.09,0.77689,0.77815,0.77468,0.77517,51762
2017.10.10,0.77517,0.77961,0.77486,0.77765,66335
2017.10.11,0.77765,0.78082,0.77701,0.77866,69298
2017.10.12,0.77865,0.7835,0.77818,0.78183,70696
2017.10.13,0.78183,0.78963,0.7814,0.78884,67024
2017.10.16,0.78846,0.78888,0.78423,0.78491,63937
2017.10.17,0.78492,0.786,0.78174,0.78439,69416
2017.10.18,0.78435,0.78572,0.78182,0.78449,61440
2017.10.19,0.78449,0.78833,0.78401,0.78768,70053
2017.10.20,0.78766,0.78814,0.78077,0.7813,65299
2017.10.23,0.78184,0.78339,0.77954,0.78051,63705
2017.10.24,0.7805,0.7824,0.77697,0.77747,69934
2017.10.25,0.77749,0.77832,0.76893,0.77021,69604
2017.10.26,0.77022,0.77181,0.76545,0.76577,71695
2017.10.27,0.76577,0.76774,0.76245,0.76739,74430
2017.10.30,0.76731,0.76902,0.76548,0.76865,65183
2017.10.31,0.76852,0.76981,0.7639,0.76548,69745
2017.11.01,0.76548,0.7692,0.76475,0.76753,74983
2017.11.02,0.76754,0.77289,0.7672,0.7713,74175
2017.11.03,0.7713,0.77149,0.76383,0.7648,59761
2017.11.06,0.76471,0.76911,0.76376,0.76902,58320
2017.11.07,0.76902,0.76998,0.76265,0.7643,65431
2017.11.08,0.7643,0.7684,0.76351,0.76762,64763
2017.11.09,0.76752,0.76929,0.76486,0.76782,64066
2017.11.10,0.76782,0.76942,0.76531,0.76573,63577
2017.11.13,0.76492,0.76648,0.76158,0.76209,54930
2017.11.14,0.76226,0.76491,0.76079,0.7629,62024
2017.11.15,0.76283,0.76316,0.75725,0.75875,66010
2017.11.16,0.75873,0.76085,0.75686,0.75861,59244
2017.11.17,0.7586,0.76072,0.75352,0.75632,64582
2017.11.20,0.75628,0.75729,0.75431,0.75489,59675
2017.11.21,0.75483,0.75901,0.75312,0.75761,71439
2017.11.22,0.75757,0.76226,0.75544,0.76149,66338
2017.11.23,0.7615,0.76377,0.76028,0.76245,66734
2017.11.24,0.76242,0.76307,0.76058,0.76133,67610
2017.11.27,0.76143,0.76439,0.75923,0.76012,61750
2017.11.28,0.75993,0.76193,0.75872,0.75936,65285
2017.11.29,0.75937,0.76068,0.75513,0.75685,46624
2017.11.30,0.75685,0.75937,0.75556,0.75637,43916
2017.12.01,0.75624,0.76316,0.75501,0.76084,65552
2017.12.04,0.75927,0.76133,0.75785,0.75968,63382
2017.12.05,0.75965,0.76529,0.75945,0.76062,63362
2017.12.06,0.76062,0.76339,0.75577,0.75622,57669
2017.12.07,0.75616,0.75687,0.75043,0.75108,55279
2017.12.08,0.75108,0.7532,0.75006,0.75082,44347
2017.12.11,0.75033,0.75445,0.75017,0.75246,48314
2017.12.12,0.75246,0.75793,0.75185,0.7557,50600
2017.12.13,0.75555,0.76388,0.75515,0.76352,53154
2017.12.14,0.76353,0.76778,0.76263,0.76641,60742
2017.12.15,0.76644,0.76927,0.76353,0.76386,51088
2017.12.18,0.76417,0.76769,0.76399,0.7663,56591
2017.12.19,0.7663,0.76831,0.76452,0.76612,53002
2017.12.20,0.76609,0.76788,0.76504,0.76647,51487
2017.12.21,0.7665,0.77065,0.76528,0.76994,50767
2017.12.22,0.76993,0.77199,0.76986,0.77102,49854
2017.12.26,0.77187,0.77292,0.77118,0.77262,17944
2017.12.27,0.77261,0.77782,0.7723,0.77665,44307
2017.12.28,0.77665,0.78088,0.77629,0.77935,42362
2017.12.29,0.77935,0.78242,0.77875,0.78019,50281
2018.01.02,0.78077,0.78438,0.78077,0.78279,36966
2018.01.03,0.78266,0.78441,0.78045,0.78327,58062
2018.01.04,0.78328,0.78657,0.78137,0.78613,58398
2018.01.05,0.78612,0.7874,0.78339,0.78615,52513
2018.01.08,0.78612,0.78718,0.78262,0.78391,48538
2018.01.09,0.78389,0.7864,0.78067,0.78217,61462
2018.01.10,0.78219,0.78643,0.78075,0.78406,74101
2018.01.11,0.78404,0.7894,0.78364,0.78902,67995
2018.01.12,0.78902,0.79238,0.78511,0.79133,65496
2018.01.15,0.79012,0.79779,0.79005,0.79623,75900
2018.01.16,0.79616,0.79741,0.79363,0.79587,67139
2018.01.17,0.79582,0.80222,0.79396,0.79687,84224
2018.01.18,0.79669,0.80062,0.7941,0.79967,78716
2018.01.19,0.79966,0.80378,0.79921,0.79947,72719
2018.01.22,0.7999,0.80262,0.79781,0.8015,60306
2018.01.23,0.8015,0.80289,0.7959,0.79984,75094
2018.01.24,0.79972,0.80821,0.79925,0.80703,75276
2018.01.25,0.80581,0.8118,0.8011,0.80236,83503
2018.01.26,0.80237,0.8135,0.80035,0.81054,80898
2018.01.29,0.81007,0.81173,0.8074,0.80928,85845
2018.01.30,0.8092,0.81127,0.80417,0.80805,85064
2018.01.31,0.80804,0.8116,0.80383,0.80535,88296
2018.02.01,0.80538,0.80664,0.79866,0.8042,83944
2018.02.02,0.80419,0.8043,0.79172,0.79176,88146
2018.02.05,0.79117,0.7953,0.78774,0.78776,99960
2018.02.06,0.78777,0.78942,0.78346,0.78928,106100
2018.02.07,0.78928,0.79089,0.78161,0.78201,83451
2018.02.08,0.78202,0.78426,0.7775,0.77797,85977
2018.02.09,0.77799,0.78288,0.77614,0.78138,84940
2018.02.12,0.78137,0.78625,0.78089,0.78614,78055
2018.02.13,0.78606,0.78757,0.78269,0.78579,75787
2018.02.14,0.78572,0.79334,0.77723,0.79234,86751
2018.02.15,0.79233,0.79654,0.78913,0.79442,71387
2018.02.16,0.79442,0.79877,0.78918,0.79074,84777
2018.02.19,0.79055,0.79345,0.78973,0.79112,74117
2018.02.20,0.79101,0.79328,0.78731,0.78813,89247
2018.02.21,0.78813,0.79009,0.78042,0.78144,84347
2018.02.22,0.78144,0.78591,0.77895,0.78442,80313
2018.02.23,0.78443,0.78467,0.78048,0.78377,76715
2018.02.26,0.78403,0.78925,0.78249,0.78525,74393
2018.02.27,0.78526,0.78677,0.77825,0.77876,78162
2018.02.28,0.77874,0.78183,0.77594,0.77602,79212
2018.03.01,0.77603,0.77687,0.77142,0.77527,85157
2018.03.02,0.77526,0.77728,0.77375,0.77616,86366
2018.03.05,0.77624,0.77691,0.77278,0.77637,83927
2018.03.06,0.77638,0.78413,0.77557,0.78271,86024
2018.03.07,0.78271,0.78292,0.77712,0.78224,91396
2018.03.08,0.78228,0.7838,0.77721,0.77856,70975
2018.03.09,0.77856,0.78527,0.77757,0.78442,71638
2018.03.12,0.78489,0.78791,0.78485,0.78729,64761
2018.03.13,0.7873,0.78934,0.78452,0.78543,70859
2018.03.14,0.78542,0.79156,0.78506,0.78744,73809
2018.03.15,0.78742,0.78847,0.77934,0.77986,69001
2018.03.16,0.7798,0.78033,0.77089,0.77111,67136
2018.03.19,0.77135,0.77252,0.7686,0.77135,75435
2018.03.20,0.77141,0.77205,0.76777,0.76821,70951
2018.03.21,0.7682,0.77773,0.76716,0.77623,67658
2018.03.22,0.77623,0.77844,0.76863,0.76991,77021
2018.03.23,0.76992,0.77415,0.76864,0.7698,76328
2018.03.26,0.7702,0.77495,0.76945,0.77445,73307
2018.03.27,0.77444,0.77568,0.76744,0.76769,73664
2018.03.28,0.76769,0.77016,0.76527,0.76616,79717
2018.03.29,0.76615,0.76889,0.76421,0.76759,70067
2018.03.30,0.76778,0.77056,0.76709,0.76755,151324
2018.04.02,0.76852,0.76943,0.7649,0.76592,56625
2018.04.03,0.76596,0.77062,0.76512,0.76823,76222
2018.04.04,0.76826,0.77173,0.7662,0.77146,54336
2018.04.05,0.77139,0.77256,0.76736,0.76807,42081
2018.04.06,0.76808,0.7698,0.76569,0.76758,36599
2018.04.09,0.76783,0.77103,0.76513,0.76932,72090
2018.04.10,0.76936,0.77672,0.76929,0.77662,57891
2018.04.11,0.77663,0.77722,0.77389,0.7752,50120
2018.04.12,0.7751,0.77708,0.77375,0.77532,60398
2018.04.13,0.77528,0.78091,0.77503,0.77599,61144
2018.04.16,0.77681,0.77827,0.77514,0.77768,57282
2018.04.17,0.77776,0.77905,0.77594,0.77627,57792
2018.04.18,0.77627,0.77969,0.77436,0.77825,53248
2018.04.19,0.77824,0.78121,0.77183,0.77274,66874
2018.04.20,0.77274,0.77307,0.76554,0.7668,71269
2018.04.23,0.76701,0.7682,0.75987,0.7603,67633
2018.04.24,0.76032,0.76201,0.75772,0.76026,70261
2018.04.25,0.76026,0.76054,0.75513,0.75632,76922
2018.04.26,0.75631,0.75882,0.75462,0.75526,76190
2018.04.27,0.75526,0.7583,0.75314,0.75809,80440
2018.04.30,0.7575,0.75813,0.75246,0.75269,76455
2018.05.01,0.75276,0.75455,0.7475,0.74881,71405
2018.05.02,0.7488,0.75318,0.74746,0.74886,73621
2018.05.03,0.74887,0.75421,0.74846,0.75302,85028
2018.05.04,0.75302,0.75598,0.74914,0.75306,77657
2018.05.07,0.75402,0.75424,0.74925,0.75126,79254
2018.05.08,0.75119,0.75272,0.7433,0.74516,98171
2018.05.09,0.74517,0.74719,0.74116,0.74556,93155
2018.05.10,0.74548,0.75391,0.74489,0.75293,90085
2018.05.11,0.75281,0.75659,0.7523,0.75385,75276
2018.05.14,0.75417,0.75643,0.75215,0.75215,77790
2018.05.15,0.75216,0.75368,0.7449,0.74686,90290
2018.05.16,0.74688,0.75222,0.74465,0.75146,88942
2018.05.17,0.75142,0.75468,0.7497,0.75096,87255
2018.05.18,0.75093,0.75273,0.74876,0.75074,78342
2018.05.21,0.75192,0.75856,0.7502,0.75789,79196
2018.05.22,0.75775,0.76045,0.75651,0.75739,84194
2018.05.23,0.75735,0.75817,0.75217,0.75571,97989
2018.05.24,0.75567,0.75818,0.75413,0.75738,96991
2018.05.25,0.75732,0.75892,0.75418,0.75457,87869
2018.05.28,0.75583,0.75801,0.75386,0.75427,89993
2018.05.29,0.7542,0.75519,0.74972,0.75043,93493
2018.05.30,0.75041,0.7583,0.74753,0.75708,91870
2018.05.31,0.75708,0.75923,0.75518,0.75664,94643
2018.06.01,0.75664,0.75726,0.75227,0.75656,86257
2018.06.04,0.75594,0.76656,0.75587,0.76432,89719
2018.06.05,0.76404,0.7655,0.75939,0.76147,61313
2018.06.06,0.76147,0.76757,0.76106,0.76662,62284
2018.06.07,0.76663,0.76721,0.76137,0.762,59596
2018.06.08,0.76183,0.76265,0.75609,0.75981,32492
2018.06.11,0.75896,0.76207,0.75879,0.76075,33542
2018.06.12,0.76074,0.76228,0.75654,0.75695,27232
2018.06.13,0.75693,0.76081,0.75396,0.75726,51021
2018.06.14,0.75725,0.75819,0.74762,0.74762,39711
2018.06.15,0.74727,0.74766,0.74427,0.74428,34597
2018.06.18,0.744,0.74512,0.74125,0.74229,48926
2018.06.19,0.74229,0.74254,0.73471,0.73802,50498
2018.06.20,0.73792,0.74078,0.73661,0.73663,68451
2018.06.21,0.73728,0.7393,0.73448,0.7374,75451
2018.06.22,0.73724,0.74428,0.73716,0.74384,59504
2018.06.25,0.74376,0.74416,0.73958,0.74114,47042
2018.06.26,0.741,0.74223,0.7379,0.73902,37317
2018.06.27,0.73904,0.74061,0.73277,0.73374,64185
2018.06.28,0.73373,0.73613,0.7329,0.73527,68341
2018.06.29,0.73528,0.74073,0.73348,0.74033,43404
2018.07.02,0.74035,0.7405,0.73097,0.7336,71621
2018.07.03,0.73361,0.74034,0.73136,0.73839,72249
2018.07.04,0.73839,0.74237,0.73737,0.73799,66022
2018.07.05,0.738,0.74074,0.73605,0.73857,74426
2018.07.06,0.73858,0.74433,0.73753,0.74283,68479
2018.07.09,0.74316,0.7483,0.74273,0.74644,60061
2018.07.10,0.74637,0.7483,0.74294,0.74576,61161
2018.07.11,0.74578,0.74582,0.7363,0.73651,86753
2018.07.12,0.73649,0.74188,0.73593,0.74061,60995
2018.07.13,0.74053,0.74234,0.73674,0.74204,60872
2018.07.16,0.7418,0.74415,0.74083,0.74154,57923
2018.07.17,0.74155,0.74375,0.73748,0.73866,61215
2018.07.18,0.73865,0.74067,0.73428,0.73962,45347
2018.07.19,0.73962,0.74346,0.73265,0.73535,56463
2018.07.20,0.73536,0.74303,0.73221,0.74164,59848
2018.07.23,0.74165,0.74368,0.73708,0.73793,62354
2018.07.24,0.73787,0.74333,0.73588,0.74169,61225
2018.07.25,0.74166,0.74634,0.73912,0.74519,67652
2018.07.26,0.74515,0.74624,0.73712,0.73769,57546
2018.07.27,0.7375,0.74119,0.73719,0.73996,45776
2018.07.30,0.73985,0.74118,0.73849,0.74046,45877
2018.07.31,0.74043,0.74399,0.74014,0.7427,49880
2018.08.01,0.74244,0.7428,0.73899,0.73985,45176
2018.08.02,0.74026,0.74106,0.73565,0.73598,45415
2018.08.03,0.73601,0.74104,0.73525,0.73943,48899
2018.08.06,0.73966,0.74045,0.73734,0.73853,46734
2018.08.07,0.73854,0.74383,0.73802,0.74197,49533
2018.08.08,0.742,0.74386,0.73824,0.74312,49026
2018.08.09,0.74279,0.74524,0.73718,0.73722,48710
2018.08.10,0.73724,0.73791,0.72859,0.72933,42748
2018.08.13,0.72724,0.7299,0.72557,0.72677,47605
2018.08.14,0.72676,0.72825,0.72233,0.72374,53632
2018.08.15,0.72374,0.72447,0.72017,0.72384,55075
2018.08.16,0.72382,0.72811,0.72133,0.72601,48170
2018.08.17,0.72582,0.73184,0.72518,0.7309,52818
2018.08.20,0.73146,0.73429,0.72949,0.73365,59303
2018.08.21,0.73363,0.73807,0.73322,0.73639,66498
2018.08.22,0.73639,0.73695,0.7333,0.73488,67094
2018.08.23,0.7344,0.7354,0.72397,0.72468,64673
2018.08.24,0.72461,0.73436,0.7237,0.73249,63364
2018.08.27,0.73252,0.73557,0.73066,0.73473,52890
2018.08.28,0.73461,0.73615,0.73205,0.73351,57574
2018.08.29,0.73347,0.7348,0.72742,0.73093,66310
2018.08.30,0.73085,0.73136,0.72485,0.726,58225
2018.08.31,0.72594,0.72668,0.71749,0.71839,50006
2018.09.03,0.719,0.72226,0.71646,0.72123,52742
2018.09.04,0.7211,0.72348,0.71603,0.71736,56151
2018.09.05,0.71733,0.72174,0.71437,0.71896,53247
2018.09.06,0.7189,0.72102,0.71653,0.71947,56131
2018.09.07,0.71966,0.72006,0.70978,0.71051,58207
2018.09.10,0.7101,0.71285,0.70978,0.71113,43802
2018.09.11,0.71111,0.71278,0.70843,0.71188,47516
2018.09.12,0.71189,0.71791,0.70926,0.71698,39718
2018.09.13,0.71656,0.72263,0.71632,0.71897,42607
2018.09.14,0.71896,0.72119,0.71529,0.71586,42553
2018.09.17,0.71496,0.71955,0.7141,0.71755,43750
2018.09.18,0.71755,0.72227,0.71433,0.72087,43938
2018.09.19,0.72088,0.72742,0.72018,0.72609,45441
2018.09.20,0.72608,0.72922,0.72531,0.72908,38096
2018.09.21,0.72907,0.73029,0.72619,0.72881,38721
2018.09.24,0.72594,0.72807,0.72496,0.72497,43382
2018.09.25,0.725,0.7262,0.72354,0.72489,45020
2018.09.26,0.72486,0.72967,0.72416,0.72603,44206
2018.09.27,0.72558,0.72676,0.72055,0.72163,41783
2018.09.28,0.72162,0.72405,0.72013,0.72193,40280
2018.10.01,0.72239,0.72311,0.7206,0.72207,42274
2018.10.02,0.72206,0.72372,0.71627,0.71895,44827
2018.10.03,0.71894,0.72019,0.71019,0.71031,42703
2018.10.04,0.71036,0.71108,0.7065,0.70732,41773
2018.10.05,0.70733,0.70834,0.70416,0.70457,45675
2018.10.08,0.70515,0.70806,0.70403,0.70751,54891
2018.10.09,0.70755,0.71047,0.70534,0.71013,49652
2018.10.10,0.71014,0.71297,0.70668,0.70695,41392
2018.10.11,0.7069,0.71246,0.70421,0.71152,38355
2018.10.12,0.71152,0.71349,0.71017,0.71125,38651
2018.10.15,0.71101,0.7148,0.7098,0.71296,45666
2018.10.16,0.71297,0.71503,0.71108,0.71391,42457
2018.10.17,0.71403,0.71573,0.7106,0.71143,34602
2018.10.18,0.71144,0.71501,0.70962,0.70975,44479
2018.10.19,0.70976,0.71449,0.7088,0.71156,69064
2018.10.22,0.71129,0.71242,0.70753,0.70796,73849
2018.10.23,0.70795,0.70891,0.70546,0.70836,75696
2018.10.24,0.70835,0.71054,0.70579,0.7058,74003
2018.10.25,0.70577,0.70966,0.70551,0.70789,65292
2018.10.26,0.70793,0.71036,0.70201,0.7091,77253
2018.10.29,0.70908,0.71079,0.70499,0.70597,80342
2018.10.30,0.70598,0.71212,0.70558,0.71024,71796
2018.10.31,0.71024,0.71059,0.7067,0.70771,63865
2018.11.01,0.70771,0.72115,0.70699,0.71994,47387
2018.11.02,0.71994,0.72543,0.71835,0.71934,43873
2018.11.05,0.71898,0.7217,0.71816,0.72086,72943
2018.11.06,0.72086,0.72454,0.72043,0.72433,75106
2018.11.07,0.72439,0.7299,0.72122,0.72732,92135
2018.11.08,0.72732,0.73015,0.72463,0.72555,88340
2018.11.09,0.72555,0.72694,0.72183,0.72221,89665
2018.11.12,0.72186,0.72367,0.71866,0.71974,72031
